x,y,alpha,phi,P
0.0,0.0,2.0,0.0,0.0
0.03333333333333333,0.0,2.032758791430206,0.0,0.08381308162288544
0.06666666666666667,0.0,2.06428874349212,0.0,0.1511073337749523
0.1,0.0,2.0944614861862583,0.0,0.2089913964581295
0.13333333333333333,0.0,2.123136904135606,0.0,0.2606225892847955
0.16666666666666666,0.0,2.1501634144012027,0.0,0.30754301541284923
0.2,0.0,2.175378874876468,0.0,0.35051862611289836
0.23333333333333334,0.0,2.198612314655246,0.0,0.38987994910287327
0.26666666666666666,0.0,2.2196866726186917,0.0,0.42567973671302894
0.3,0.0,2.2384226894136092,0.0,0.4577785356150966
0.3333333333333333,0.0,2.25464400750007,0.0,0.4859022310866073
0.36666666666666664,0.0,2.2681833866633285,0.0,0.5096909490222007
0.4,0.0,2.278889744907202,0.0,0.5287477853563399
0.43333333333333335,0.0,2.28663551469891,0.0,0.5426894851646019
0.4666666666666667,0.0,2.291323612484357,0.0,0.5511965563831155
0.5,0.0,2.2928932188134525,0.0,0.5540570052013836
0.5333333333333333,0.0,2.291323612484357,0.0,0.5511965563831155
0.5666666666666667,0.0,2.28663551469891,0.0,0.5426894851646016
0.6,0.0,2.278889744907202,0.0,0.5287477853563396
0.6333333333333333,0.0,2.2681833866633285,0.0,0.5096909490222005
0.6666666666666666,0.0,2.25464400750007,0.0,0.48590223108660724
0.7,0.0,2.2384226894136092,0.0,0.4577785356150965
0.7333333333333333,0.0,2.2196866726186917,0.0,0.4256797367130288
0.7666666666666666,0.0,2.198612314655246,0.0,0.38987994910287316
0.8,0.0,2.175378874876468,0.0,0.3505186261128981
0.8333333333333334,0.0,2.1501634144012027,0.0,0.3075430154128493
0.8666666666666667,0.0,2.123136904135606,0.0,0.2606225892847955
0.9,0.0,2.0944614861862583,0.0,0.20899139645812947
0.9333333333333333,0.0,2.06428874349212,0.0,0.15110733377495225
0.9666666666666667,0.0,2.032758791430206,0.0,0.08381308162288542
1.0,0.0,2.0,0.0,0.0
0.0,0.03333333333333333,2.032758791430206,0.0,0.08381308162288544
0.03333333333333333,0.03333333333333333,2.066666666666667,0.0034330389916143096,0.14343395976512352
0.06666666666666667,0.03333333333333333,2.099382927592914,0.0059802301232274434,0.18592248489670846
0.1,0.03333333333333333,2.130773012639647,0.007993765527501777,0.22824188377327542
0.13333333333333333,0.03333333333333333,2.1606881125323887,0.009639525168572707,0.2688485792769068
0.16666666666666666,0.03333333333333333,2.1889649959602373,0.011008393467477989,0.3073842447763296
0.2,0.03333333333333333,2.215426513604012,0.012156307852976318,0.343729838727333
0.23333333333333334,0.03333333333333333,2.239883049933908,0.013120675598661233,0.37775012102422173
0.26666666666666666,0.03333333333333333,2.262135212627378,0.013927966814050344,0.4092260341879542
0.3,0.03333333333333333,2.2819780257153996,0.014597603317357426,0.43784411250438265
0.3333333333333333,0.03333333333333333,2.2992067986123788,0.0151441189610789,0.4632085038277669
0.36666666666666664,0.03333333333333333,2.313624657267533,0.015578439741046005,0.4848670523214484
0.4,0.03333333333333333,2.325051442289447,0.015908685463296827,0.5023490043855969
0.43333333333333335,0.03333333333333333,2.3333333333333335,0.016140698176131296,0.5152116065434705
0.4666666666666667,0.03333333333333333,2.338352225290693,0.016278404296270893,0.5230903046192328
0.5,0.03333333333333333,2.3400336708925558,0.016324061064242005,0.5257445674095844
0.5333333333333333,0.03333333333333333,2.338352225290693,0.016278404296270893,0.5230903046192327
0.5666666666666667,0.03333333333333333,2.3333333333333335,0.01614069817613129,0.5152116065434706
0.6,0.03333333333333333,2.325051442289447,0.01590868546329682,0.5023490043855968
0.6333333333333333,0.03333333333333333,2.313624657267533,0.015578439741045998,0.4848670523214481
0.6666666666666666,0.03333333333333333,2.2992067986123788,0.015144118961078897,0.46320850382776674
0.7,0.03333333333333333,2.2819780257153996,0.01459760331735742,0.4378441125043826
0.7333333333333333,0.03333333333333333,2.262135212627378,0.01392796681405034,0.4092260341879541
0.7666666666666666,0.03333333333333333,2.239883049933908,0.01312067559866123,0.37775012102422173
0.8,0.03333333333333333,2.215426513604012,0.01215630785297631,0.34372983872733287
0.8333333333333334,0.03333333333333333,2.1889649959602373,0.01100839346747799,0.30738424477632953
0.8666666666666667,0.03333333333333333,2.1606881125323887,0.009639525168572707,0.2688485792769068
0.9,0.03333333333333333,2.130773012639647,0.007993765527501775,0.22824188377327537
0.9333333333333333,0.03333333333333333,2.099382927592914,0.005980230123227442,0.1859224848967084
0.9666666666666667,0.03333333333333333,2.066666666666667,0.0034330389916143087,0.1434339597651235
1.0,0.03333333333333333,2.032758791430206,0.0,0.08381308162288542
0.0,0.06666666666666667,2.06428874349212,0.0,0.1511073337749523
0.03333333333333333,0.06666666666666667,2.099382927592914,0.0059802301232274434,0.18592248489670846
0.06666666666666667,0.06666666666666667,2.1333333333333333,0.01072540487786085,0.2064567444160674
0.1,0.06666666666666667,2.1660002664535467,0.01458896422338526,0.23195128742458648
0.13333333333333333,0.06666666666666667,2.1972270280805137,0.01779152158504058,0.2595255283366131
0.16666666666666666,0.06666666666666667,2.2268390996837866,0.02047488174357378,0.287728678281012
0.2,0.06666666666666667,2.25464400750007,0.022734547460430982,0.3157410771628122
0.23333333333333334,0.06666666666666667,2.28043222850257,0.024637766082773446,0.3429921999364456
0.26666666666666666,0.06666666666666667,2.30397956607263,0.026233608084288717,0.36898396180363335
0.3,0.06666666666666667,2.325051442289447,0.027558778391088702,0.39321129876041944
0.3333333333333333,0.06666666666666667,2.34340947988026,0.028641095909662885,0.4151333789757035
0.36666666666666664,0.06666666666666667,2.3588205312776216,0.02950165639917296,0.4341767594771553
0.4,0.06666666666666667,2.3710679245295596,0.0301562305110398,0.44976257447828927
0.43333333333333335,0.06666666666666667,2.3799641587420575,0.03061620772856628,0.4613519795062918
0.4666666666666667,0.06666666666666667,2.385363702847141,0.030889258436825405,0.46850186045844605
0.5,0.06666666666666667,2.387174122971659,0.030979795732275384,0.47091933862463675
0.5333333333333333,0.06666666666666667,2.385363702847141,0.030889258436825398,0.46850186045844605
0.5666666666666667,0.06666666666666667,2.3799641587420575,0.030616207728566283,0.4613519795062918
0.6,0.06666666666666667,2.3710679245295596,0.030156230511039793,0.44976257447828927
0.6333333333333333,0.06666666666666667,2.3588205312776216,0.02950165639917295,0.4341767594771551
0.6666666666666666,0.06666666666666667,2.34340947988026,0.02864109590966287,0.4151333789757053
0.7,0.06666666666666667,2.325051442289447,0.027558778391088695,0.3932112987604191
0.7333333333333333,0.06666666666666667,2.30397956607263,0.026233608084288713,0.3689839618036329
0.7666666666666666,0.06666666666666667,2.28043222850257,0.024637766082773446,0.34299219993644714
0.8,0.06666666666666667,2.25464400750007,0.02273454746043098,0.31574107716281224
0.8333333333333334,0.06666666666666667,2.2268390996837866,0.02047488174357378,0.2877286782810119
0.8666666666666667,0.06666666666666667,2.1972270280805137,0.017791521585040576,0.25952552833661297
0.9,0.06666666666666667,2.1660002664535467,0.014588964223385258,0.23195128742458637
0.9333333333333333,0.06666666666666667,2.1333333333333333,0.010725404877860847,0.2064567444160674
0.9666666666666667,0.06666666666666667,2.099382927592914,0.005980230123227442,0.1859224848967084
1.0,0.06666666666666667,2.06428874349212,0.0,0.15110733377495225
0.0,0.1,2.0944614861862583,0.0,0.2089913964581295
0.03333333333333333,0.1,2.130773012639647,0.007993765527501777,0.2282418837732755
0.06666666666666667,0.1,2.1660002664535467,0.014588964223385263,0.2319512874245865
0.1,0.1,2.2,0.020086418861898766,0.24263844749610378
0.13333333333333333,0.1,2.2326090377852443,0.02470768693833853,0.25768260254684205
0.16666666666666666,0.1,2.2636425988541826,0.028613123550019222,0.27538211111793814
0.2,0.1,2.2928932188134525,0.03191983199617115,0.2946040312626727
0.23333333333333334,0.1,2.320130731520962,0.03471487093540766,0.3145207556095838
0.26666666666666666,0.1,2.3451039098537168,0.03706413371099039,0.33444353417942435
0.3,0.1,2.367544467966324,0.03901816028945321,0.3537253531819582
0.3333333333333333,0.1,2.3871741229716585,0.040615933022006195,0.3717116455149995
0.36666666666666664,0.1,2.403715206000056,0.041887379746895374,0.38772764877011806
0.4,0.1,2.41690481051547,0.04285506052854915,0.40109721330500103
0.43333333333333335,0.1,2.426511648863825,0.043535348246294896,0.41118839924494593
0.4666666666666667,0.1,2.4323537878024535,0.04393929192068329,0.41747716971837545
0.5,0.1,2.434314575050762,0.044073249208689026,0.41961437258121076
0.5333333333333333,0.1,2.4323537878024535,0.04393929192068329,0.4174771697183757
0.5666666666666667,0.1,2.426511648863825,0.04353534824629489,0.41118839924494593
0.6,0.1,2.41690481051547,0.042855060528549135,0.4010972133050005
0.6333333333333333,0.1,2.403715206000056,0.041887379746895353,0.38772764877011745
0.6666666666666666,0.1,2.387174122971659,0.040615933022006175,0.371711645515001
0.7,0.1,2.367544467966324,0.03901816028945319,0.35372535318195814
0.7333333333333333,0.1,2.3451039098537168,0.03706413371099036,0.33444353417942363
0.7666666666666666,0.1,2.3201307315209623,0.03471487093540765,0.31452075560958337
0.8,0.1,2.2928932188134525,0.03191983199617114,0.29460403126267315
0.8333333333333334,0.1,2.2636425988541826,0.028613123550019215,0.2753821111179381
0.8666666666666667,0.1,2.2326090377852443,0.024707686938338524,0.25768260254684194
0.9,0.1,2.2,0.02008641886189876,0.24263844749610364
0.9333333333333333,0.1,2.1660002664535467,0.01458896422338526,0.23195128742458648
0.9666666666666667,0.1,2.130773012639647,0.007993765527501775,0.22824188377327542
1.0,0.1,2.0944614861862583,0.0,0.20899139645812947
0.0,0.13333333333333333,2.123136904135606,0.0,0.2606225892847955
0.03333333333333333,0.13333333333333333,2.1606881125323887,0.00963952516857271,0.2688485792769068
0.06666666666666667,0.13333333333333333,2.1972270280805137,0.017791521585040583,0.259525528336613
0.1,0.13333333333333333,2.2326090377852443,0.024707686938338535,0.257682602546842
0.13333333333333333,0.13333333333333333,2.2666666666666666,0.03059268798270462,0.2613283110827204
0.16666666666666666,0.13333333333333333,2.2992067986123788,0.03560763261540123,0.26893466704340785
0.2,0.13333333333333333,2.330008291925274,0.039878115619001925,0.27935222218270356
0.23333333333333334,0.13333333333333333,2.3588205312776216,0.04350218757634178,0.2916810783637452
0.26666666666666666,0.13333333333333333,2.385363702847141,0.04655678988115346,0.30515713507873343
0.3,0.13333333333333333,2.409331828444355,0.04910253228071838,0.319067887878168
0.3333333333333333,0.13333333333333333,2.4303997503121644,0.05118709906853805,0.3326992410711652
0.36666666666666664,0.13333333333333333,2.4482351547584384,0.052847632836096496,0.3453141083698606
0.4,0.13333333333333333,2.46251615011343,0.05411240918995121,0.35616486223474647
0.43333333333333335,0.13333333333333333,2.4729537233052703,0.05500205941316946,0.3645399386385916
0.4666666666666667,0.13333333333333333,2.4793166882728896,0.0555305234008933,0.36983798257596623
0.5,0.13333333333333333,2.481455027129865,0.055705809760234856,0.3716521233428376
0.5333333333333333,0.13333333333333333,2.4793166882728896,0.05553052340089332,0.36983798257596623
0.5666666666666667,0.13333333333333333,2.4729537233052703,0.05500205941316946,0.36453993863859124
0.6,0.13333333333333333,2.46251615011343,0.054112409189951166,0.35616486223474597
0.6333333333333333,0.13333333333333333,2.4482351547584384,0.052847632836096455,0.3453141083698599
0.6666666666666666,0.13333333333333333,2.430399750312165,0.051187099068538015,0.3326992410711633
0.7,0.13333333333333333,2.409331828444355,0.04910253228071835,0.3190678878781681
0.7333333333333333,0.13333333333333333,2.385363702847141,0.04655678988115343,0.3051571350787331
0.7666666666666666,0.13333333333333333,2.3588205312776216,0.043502187576341764,0.2916810783637435
0.8,0.13333333333333333,2.330008291925274,0.039878115619001925,0.2793522221827037
0.8333333333333334,0.13333333333333333,2.2992067986123788,0.03560763261540122,0.26893466704340807
0.8666666666666667,0.13333333333333333,2.2666666666666666,0.030592687982704606,0.2613283110827204
0.9,0.13333333333333333,2.2326090377852443,0.024707686938338528,0.25768260254684194
0.9333333333333333,0.13333333333333333,2.1972270280805137,0.01779152158504058,0.25952552833661285
0.9666666666666667,0.13333333333333333,2.1606881125323887,0.009639525168572707,0.2688485792769068
1.0,0.13333333333333333,2.123136904135606,0.0,0.2606225892847955
0.0,0.16666666666666666,2.1501634144012027,0.0,0.30754301541284934
0.03333333333333333,0.16666666666666666,2.1889649959602373,0.011008393467477992,0.30738424477632953
0.06666666666666667,0.16666666666666666,2.2268390996837866,0.02047488174357378,0.2877286782810119
0.1,0.16666666666666666,2.2636425988541826,0.028613123550019222,0.2753821111179379
0.13333333333333333,0.16666666666666666,2.2992067986123788,0.03560763261540122,0.2689346670434078
0.16666666666666666,0.16666666666666666,2.333333333333333,0.04161237535358941,0.2671678975121186
0.2,0.16666666666666666,2.365790080318652,0.04675356939752975,0.26907507871909453
0.23333333333333334,0.16666666666666666,2.3963076574575055,0.051133880521083724,0.2738167621123882
0.26666666666666666,0.16666666666666666,2.424577449945598,0.05483654877985756,0.28065595697125506
0.3,0.16666666666666666,2.4502525832509785,0.05792886267188726,0.2888950374655798
0.3333333333333333,0.16666666666666666,2.4729537233052703,0.06046485096351287,0.2978259026046988
0.36666666666666664,0.16666666666666666,2.492281792942406,0.06248726223927912,0.3067026314554027
0.4,0.16666666666666666,2.5078392313255535,0.06402899357727565,0.3147465328757585
0.43333333333333335,0.16666666666666666,2.5192598299381346,0.06511417357987842,0.3211916875093951
0.4666666666666667,0.16666666666666666,2.5262443198816036,0.06575909225487739,0.3253701109966089
0.5,0.16666666666666666,2.528595479208968,0.06597306059686407,0.3268184861324912
0.5333333333333333,0.16666666666666666,2.5262443198816036,0.06575909225487739,0.3253701109966083
0.5666666666666667,0.16666666666666666,2.5192598299381346,0.06511417357987838,0.32119168750939386
0.6,0.16666666666666666,2.5078392313255535,0.0640289935772756,0.3147465328757579
0.6333333333333333,0.16666666666666666,2.492281792942406,0.06248726223927907,0.30670263145540266
0.6666666666666666,0.16666666666666666,2.4729537233052703,0.060464850963512826,0.29782590260469693
0.7,0.16666666666666666,2.4502525832509785,0.057928862671887224,0.2888950374655796
0.7333333333333333,0.16666666666666666,2.424577449945598,0.054836548779857525,0.28065595697125495
0.7666666666666666,0.16666666666666666,2.3963076574575055,0.051133880521083704,0.27381676211238787
0.8,0.16666666666666666,2.365790080318652,0.04675356939752976,0.2690750787190943
0.8333333333333334,0.16666666666666666,2.333333333333333,0.04161237535358941,0.26716789751211895
0.8666666666666667,0.16666666666666666,2.2992067986123788,0.035607632615401216,0.26893466704340796
0.9,0.16666666666666666,2.2636425988541826,0.02861312355001922,0.275382111117938
0.9333333333333333,0.16666666666666666,2.2268390996837866,0.020474881743573772,0.2877286782810119
0.9666666666666667,0.16666666666666666,2.1889649959602373,0.011008393467477989,0.3073842447763294
1.0,0.16666666666666666,2.1501634144012027,0.0,0.30754301541284923
0.0,0.2,2.175378874876468,0.0,0.3505186261128983
0.03333333333333333,0.2,2.215426513604012,0.012156307852976316,0.34372983872733287
0.06666666666666667,0.2,2.25464400750007,0.02273454746043098,0.31574107716281213
0.1,0.2,2.2928932188134525,0.03191983199617114,0.29460403126267254
0.13333333333333333,0.2,2.330008291925274,0.03987811561900192,0.2793522221827037
0.16666666666666666,0.2,2.365790080318652,0.046753569397529754,0.26907507871909453
0.2,0.2,2.4,0.05266893356726286,0.2629654933928259
0.23333333333333334,0.2,2.4323537878024535,0.05772741282484663,0.26031655877717447
0.26666666666666666,0.2,2.46251615011343,0.06201508051634187,0.2604897174810937
0.3,0.2,2.4900980486407214,0.0656031948366335,0.2628702540790559
0.3333333333333333,0.2,2.514659340714632,0.06855013643366878,0.2668218627601126
0.36666666666666664,0.2,2.5357203907605292,0.07090286883397351,0.27165244040917397
0.4,0.2,2.552786404500042,0.07269796596475747,0.27660681948965427
0.43333333333333335,0.2,2.5653865063198236,0.0739623848238323,0.2809040773763773
0.4666666666666667,0.2,2.57312505083781,0.0747142444530508,0.2838295265409631
0.5,0.2,2.5757359312880714,0.07496377374035201,0.28486786910854167
0.5333333333333333,0.2,2.57312505083781,0.07471424445305078,0.28382952654096283
0.5666666666666667,0.2,2.5653865063198236,0.07396238482383222,0.28090407737637707
0.6,0.2,2.552786404500042,0.07269796596475739,0.27660681948965404
0.6333333333333333,0.2,2.5357203907605292,0.07090286883397347,0.27165244040917413
0.6666666666666666,0.2,2.514659340714632,0.06855013643366872,0.2668218627601126
0.7,0.2,2.4900980486407214,0.06560319483663346,0.26287025407905534
0.7333333333333333,0.2,2.46251615011343,0.062015080516341844,0.2604897174810931
0.7666666666666666,0.2,2.4323537878024535,0.05772741282484663,0.26031655877717425
0.8,0.2,2.4,0.05266893356726286,0.26296549339282554
0.8333333333333334,0.2,2.365790080318652,0.046753569397529754,0.2690750787190945
0.8666666666666667,0.2,2.330008291925274,0.03987811561900192,0.2793522221827037
0.9,0.2,2.2928932188134525,0.03191983199617114,0.29460403126267254
0.9333333333333333,0.2,2.25464400750007,0.022734547460430975,0.31574107716281224
0.9666666666666667,0.2,2.215426513604012,0.01215630785297631,0.34372983872733287
1.0,0.2,2.175378874876468,0.0,0.3505186261128981
0.0,0.23333333333333334,2.198612314655246,0.0,0.38987994910287316
0.03333333333333333,0.23333333333333334,2.239883049933908,0.01312067559866123,0.3777501210242216
0.06666666666666667,0.23333333333333334,2.28043222850257,0.024637766082773443,0.3429921999364455
0.1,0.23333333333333334,2.320130731520962,0.034714870935407656,0.3145207556095837
0.13333333333333333,0.23333333333333334,2.3588205312776216,0.04350218757634177,0.29168107836374507
0.16666666666666666,0.23333333333333334,2.3963076574575055,0.05113388052108372,0.27381676211238815
0.2,0.23333333333333334,2.4323537878024535,0.057727412824846634,0.2603165587771744
0.23333333333333334,0.23333333333333334,2.466666666666667,0.06338416642412352,0.2506283539307636
0.26666666666666666,0.23333333333333334,2.498890120720903,0.06819071672954466,0.24424775506267832
0.3,0.23333333333333334,2.528595479208968,0.0722202878287119,0.240688694854856
0.3333333333333333,0.23333333333333334,2.5552778645291223,0.0755340654530665,0.23944292014068758
0.36666666666666664,0.23333333333333334,2.578362978644216,0.07818216295861455,0.23993798422768223
0.4,0.23333333333333334,2.597231800880181,0.08020417016089573,0.24151083791014774
0.43333333333333335,0.23333333333333334,2.61126987367698,0.0816294339884891,0.24342355103506985
0.4666666666666667,0.23333333333333334,2.619941524966954,0.08247748745271567,0.2449488077869115
0.5,0.23333333333333334,2.6228763833671747,0.08275906076259835,0.2455283606387333
0.5333333333333333,0.23333333333333334,2.619941524966954,0.08247748745271564,0.2449488077869112
0.5666666666666667,0.23333333333333334,2.61126987367698,0.08162943398848903,0.2434235510350704
0.6,0.23333333333333334,2.597231800880181,0.08020417016089568,0.2415108379101477
0.6333333333333333,0.23333333333333334,2.578362978644216,0.07818216295861452,0.23993798422768187
0.6666666666666666,0.23333333333333334,2.5552778645291223,0.07553406545306646,0.23944292014068758
0.7,0.23333333333333334,2.528595479208968,0.07222028782871184,0.24068869485485578
0.7333333333333333,0.23333333333333334,2.498890120720903,0.06819071672954462,0.24424775506267782
0.7666666666666666,0.23333333333333334,2.466666666666667,0.0633841664241235,0.2506283539307632
0.8,0.23333333333333334,2.4323537878024535,0.05772741282484662,0.26031655877717425
0.8333333333333334,0.23333333333333334,2.3963076574575055,0.05113388052108371,0.27381676211238765
0.8666666666666667,0.23333333333333334,2.3588205312776216,0.043502187576341764,0.29168107836374507
0.9,0.23333333333333334,2.320130731520962,0.03471487093540765,0.3145207556095835
0.9333333333333333,0.23333333333333334,2.28043222850257,0.02463776608277344,0.34299219993644536
0.9666666666666667,0.23333333333333334,2.239883049933908,0.013120675598661228,0.3777501210242216
1.0,0.23333333333333334,2.198612314655246,0.0,0.3898799491028731
0.0,0.26666666666666666,2.2196866726186917,0.0,0.4256797367130289
0.03333333333333333,0.26666666666666666,2.262135212627378,0.013927966814050341,0.40922603418795395
0.06666666666666667,0.26666666666666666,2.30397956607263,0.026233608084288706,0.36898396180363313
0.1,0.26666666666666666,2.3451039098537168,0.03706413371099038,0.33444353417942413
0.13333333333333333,0.26666666666666666,2.385363702847141,0.04655678988115344,0.30515713507873315
0.16666666666666666,0.26666666666666666,2.424577449945598,0.054836548779857545,0.28065595697125484
0.2,0.26666666666666666,2.46251615011343,0.06201508051634186,0.26048971748109284
0.23333333333333334,0.26666666666666666,2.498890120720903,0.06819071672954463,0.24424775506267818
0.26666666666666666,0.26666666666666666,2.533333333333333,0.07344904935961397,0.23156182077863222
0.3,0.26666666666666666,2.5653865063198236,0.07786383315756124,0.22209156458330895
0.3333333333333333,0.26666666666666666,2.5944824979801187,0.08149789324348948,0.2154932899959369
0.36666666666666664,0.26666666666666666,2.619941524966954,0.08440375001200341,0.21137449964392654
0.4,0.26666666666666666,2.6409890128576996,0.0866237207039867,0.20924528129125847
0.43333333333333335,0.26666666666666666,2.656812328633767,0.0881895103768354,0.20849510124531548
0.4666666666666667,0.26666666666666666,2.6666666666666665,0.08912190326763726,0.2084433042711246
0.5,0.26666666666666666,2.670016835446278,0.0894316711387907,0.20850622679281183
0.5333333333333333,0.26666666666666666,2.6666666666666665,0.0891219032676372,0.20844330427112331
0.5666666666666667,0.26666666666666666,2.656812328633767,0.08818951037683534,0.2084951012453151
0.6,0.26666666666666666,2.6409890128576996,0.08662372070398663,0.2092452812912578
0.6333333333333333,0.26666666666666666,2.619941524966954,0.08440375001200336,0.21137449964392616
0.6666666666666666,0.26666666666666666,2.5944824979801187,0.08149789324348941,0.21549328999593653
0.7,0.26666666666666666,2.5653865063198236,0.07786383315756118,0.2220915645833085
0.7333333333333333,0.26666666666666666,2.533333333333333,0.07344904935961394,0.2315618207786317
0.7666666666666666,0.26666666666666666,2.498890120720903,0.06819071672954463,0.24424775506267804
0.8,0.26666666666666666,2.46251615011343,0.06201508051634185,0.26048971748109334
0.8333333333333334,0.26666666666666666,2.424577449945598,0.05483654877985751,0.2806559569712547
0.8666666666666667,0.26666666666666666,2.385363702847141,0.046556789881153436,0.30515713507873277
0.9,0.26666666666666666,2.3451039098537168,0.03706413371099036,0.3344435341794241
0.9333333333333333,0.26666666666666666,2.30397956607263,0.026233608084288703,0.3689839618036329
0.9666666666666667,0.26666666666666666,2.262135212627378,0.013927966814050338,0.40922603418795395
1.0,0.26666666666666666,2.2196866726186917,0.0,0.4256797367130288
0.0,0.3,2.2384226894136092,0.0,0.45777853561509646
0.03333333333333333,0.3,2.2819780257153996,0.014597603317357419,0.4378441125043825
0.06666666666666667,0.3,2.325051442289447,0.027558778391088688,0.39321129876041894
0.1,0.3,2.367544467966324,0.03901816028945318,0.3537253531819577
0.13333333333333333,0.3,2.409331828444355,0.04910253228071835,0.31906788787816764
0.16666666666666666,0.3,2.4502525832509785,0.05792886267188723,0.28889503746557915
0.2,0.3,2.4900980486407214,0.06560319483663345,0.26287025407905523
0.23333333333333334,0.3,2.528595479208968,0.07222028782871187,0.2406886948548561
0.26666666666666666,0.3,2.5653865063198236,0.07786383315756122,0.22209156458330886
0.3,0.3,2.6,0.08260705238332539,0.20686873575391063
0.3333333333333333,0.3,2.6318212994270915,0.08651344806892806,0.1948458604431588
0.36666666666666664,0.3,2.660065365760481,0.08963737788906972,0.18584979623198306
0.4,0.3,2.683772233983162,0.09202396029983463,0.17964862749072907
0.43333333333333335,0.3,2.701857603000028,0.09370787617028392,0.17587936548584437
0.4666666666666667,0.3,2.7132558244319123,0.09471158494221177,0.17401654150300672
0.5,0.3,2.717157287525381,0.09504540800299979,0.17348918188488005
0.5333333333333333,0.3,2.7132558244319123,0.09471158494221166,0.17401654150300674
0.5666666666666667,0.3,2.701857603000028,0.09370787617028382,0.1758793654858427
0.6,0.3,2.683772233983162,0.09202396029983453,0.1796486274907277
0.6333333333333333,0.3,2.660065365760481,0.08963737788906967,0.18584979623198242
0.6666666666666666,0.3,2.6318212994270915,0.086513448068928,0.19484586044315827
0.7,0.3,2.6,0.08260705238332533,0.20686873575390963
0.7333333333333333,0.3,2.5653865063198236,0.0778638331575612,0.22209156458330814
0.7666666666666666,0.3,2.528595479208968,0.07222028782871187,0.24068869485485594
0.8,0.3,2.4900980486407214,0.06560319483663343,0.2628702540790556
0.8333333333333334,0.3,2.4502525832509785,0.05792886267188721,0.2888950374655794
0.8666666666666667,0.3,2.409331828444355,0.04910253228071833,0.3190678878781675
0.9,0.3,2.367544467966324,0.03901816028945317,0.3537253531819576
0.9333333333333333,0.3,2.325051442289447,0.02755877839108868,0.393211298760419
0.9666666666666667,0.3,2.2819780257153996,0.014597603317357412,0.4378441125043824
1.0,0.3,2.2384226894136092,0.0,0.4577785356150963
0.0,0.3333333333333333,2.25464400750007,0.0,0.48590223108660685
0.03333333333333333,0.3333333333333333,2.2992067986123788,0.015144118961078888,0.46320850382776646
0.06666666666666667,0.3333333333333333,2.34340947988026,0.028641095909662857,0.4151333789757029
0.1,0.3333333333333333,2.3871741229716585,0.04061593302200615,0.3717116455149989
0.13333333333333333,0.3333333333333333,2.4303997503121644,0.051187099068537995,0.33269924107116483
0.16666666666666666,0.3333333333333333,2.4729537233052703,0.06046485096351281,0.29782590260469805
0.2,0.3333333333333333,2.514659340714632,0.0685501364336687,0.2668218627601122
0.23333333333333334,0.3333333333333333,2.5552778645291223,0.07553406545306643,0.23944292014068755
0.26666666666666666,0.3333333333333333,2.5944824979801187,0.08149789324348944,0.2154932899959374
0.3,0.3333333333333333,2.6318212994270915,0.08651344806892808,0.19484586044315902
0.3333333333333333,0.3333333333333333,2.6666666666666665,0.09064391433865596,0.1774570394195441
0.36666666666666664,0.3333333333333333,2.6981538287287528,0.09394473744986083,0.16336658660911707
0.4,0.3333333333333333,2.7251262916254895,0.09646398072638873,0.15266214082909094
0.43333333333333335,0.3333333333333333,2.746140896471203,0.09824079389713795,0.1453831573529067
0.4666666666666667,0.3333333333333333,2.7596299149690675,0.09930113824600433,0.141364544054093
0.5,0.3333333333333333,2.7642977396044843,0.09965461921989945,0.1401485746406139
0.5333333333333333,0.3333333333333333,2.7596299149690675,0.09930113824600426,0.1413645440540939
0.5666666666666667,0.3333333333333333,2.746140896471203,0.0982407938971378,0.1453831573529067
0.6,0.3333333333333333,2.7251262916254895,0.09646398072638859,0.15266214082909055
0.6333333333333333,0.3333333333333333,2.6981538287287528,0.09394473744986075,0.1633665866091166
0.6666666666666666,0.3333333333333333,2.6666666666666665,0.09064391433865585,0.17745703941954394
0.7,0.3333333333333333,2.6318212994270915,0.08651344806892798,0.1948458604431578
0.7333333333333333,0.3333333333333333,2.5944824979801187,0.08149789324348941,0.21549328999593592
0.7666666666666666,0.3333333333333333,2.5552778645291223,0.07553406545306643,0.23944292014068713
0.8,0.3333333333333333,2.514659340714632,0.0685501364336687,0.2668218627601125
0.8333333333333334,0.3333333333333333,2.4729537233052703,0.0604648509635128,0.2978259026046982
0.8666666666666667,0.3333333333333333,2.4303997503121644,0.051187099068537995,0.3326992410711646
0.9,0.3333333333333333,2.3871741229716585,0.040615933022006154,0.37171164551499897
0.9333333333333333,0.3333333333333333,2.34340947988026,0.028641095909662857,0.41513337897570307
0.9666666666666667,0.3333333333333333,2.2992067986123788,0.015144118961078888,0.46320850382776657
1.0,0.3333333333333333,2.25464400750007,0.0,0.48590223108660685
0.0,0.36666666666666664,2.2681833866633285,0.0,0.5096909490222002
0.03333333333333333,0.36666666666666664,2.313624657267533,0.01557843974104599,0.48486705232144794
0.06666666666666667,0.36666666666666664,2.3588205312776216,0.029501656399172932,0.4341767594771546
0.1,0.36666666666666664,2.403715206000056,0.04188737974689532,0.3877276487701172
0.13333333333333333,0.36666666666666664,2.4482351547584384,0.05284763283609642,0.34531410836986004
0.16666666666666666,0.36666666666666664,2.492281792942406,0.06248726223927904,0.30670263145540233
0.2,0.36666666666666664,2.5357203907605292,0.07090286883397343,0.2716524404091734
0.23333333333333334,0.36666666666666664,2.578362978644216,0.07818216295861445,0.23993798422768187
0.26666666666666666,0.36666666666666664,2.619941524966954,0.08440375001200333,0.2113744996439272
0.3,0.36666666666666664,2.660065365760481,0.0896373778890697,0.18584979623198286
0.3333333333333333,0.36666666666666664,2.6981538287287528,0.09394473744986079,0.16336658660911627
0.36666666666666664,0.36666666666666664,2.7333333333333334,0.0973809153224233,0.14409603321655542
0.4,0.36666666666666664,2.7642977396044843,0.0999961903143109,0.12842455867372013
0.43333333333333335,0.36666666666666664,2.789181489322108,0.10183614465429276,0.11693278199573115
0.4666666666666667,0.36666666666666664,2.80563493683849,0.10293517525050057,0.11018056426982728
0.5,0.36666666666666664,2.811438191683587,0.10330374196150041,0.1081429266269009
0.5333333333333333,0.36666666666666664,2.80563493683849,0.10293517525050049,0.11018056426982799
0.5666666666666667,0.36666666666666664,2.789181489322108,0.10183614465429264,0.11693278199573198
0.6,0.36666666666666664,2.7642977396044843,0.09999619031431081,0.1284245586737205
0.6333333333333333,0.36666666666666664,2.7333333333333334,0.09738091532242323,0.14409603321655592
0.6666666666666666,0.36666666666666664,2.6981538287287528,0.09394473744986069,0.16336658660911701
0.7,0.36666666666666664,2.660065365760481,0.08963737788906963,0.18584979623198272
0.7333333333333333,0.36666666666666664,2.619941524966954,0.08440375001200329,0.2113744996439266
0.7666666666666666,0.36666666666666664,2.578362978644216,0.07818216295861445,0.23993798422768142
0.8,0.36666666666666664,2.5357203907605292,0.07090286883397343,0.2716524404091735
0.8333333333333334,0.36666666666666664,2.492281792942406,0.06248726223927904,0.30670263145540266
0.8666666666666667,0.36666666666666664,2.4482351547584384,0.05284763283609641,0.34531410836986015
0.9,0.36666666666666664,2.403715206000056,0.041887379746895326,0.3877276487701171
0.9333333333333333,0.36666666666666664,2.3588205312776216,0.029501656399172935,0.4341767594771547
0.9666666666666667,0.36666666666666664,2.313624657267533,0.015578439741045993,0.484867052321448
1.0,0.36666666666666664,2.2681833866633285,0.0,0.5096909490222002
0.0,0.4,2.278889744907202,0.0,0.5287477853563394
0.03333333333333333,0.4,2.325051442289447,0.01590868546329681,0.5023490043855964
0.06666666666666667,0.4,2.3710679245295596,0.030156230511039765,0.4497625744782885
0.1,0.4,2.41690481051547,0.04285506052854908,0.4010972133049999
0.13333333333333333,0.4,2.46251615011343,0.05411240918995111,0.35616486223474614
0.16666666666666666,0.4,2.5078392313255535,0.06402899357727555,0.31474653287575827
0.2,0.4,2.552786404500042,0.07269796596475736,0.27660681948965393
0.23333333333333334,0.4,2.597231800880181,0.08020417016089562,0.24151083791014802
0.26666666666666666,0.4,2.6409890128576996,0.08662372070398662,0.2092452812912589
0.3,0.4,2.683772233983162,0.09202396029983456,0.17964862749072813
0.3333333333333333,0.4,2.7251262916254895,0.09646398072638862,0.15266214082909108
0.36666666666666664,0.4,2.7642977396044843,0.09999619031431087,0.1284245586737209
0.4,0.4,2.8,0.10266980968564636,0.10743863417460067
0.43333333333333335,0.4,2.8300326828802405,0.10453625128664722,0.09078373589464038
0.4666666666666667,0.4,2.850928801500014,0.10564787906079012,0.08018960245263787
0.5,0.4,2.8585786437626903,0.10602700228283621,0.07712776418306769
0.5333333333333333,0.4,2.850928801500014,0.10564787906079007,0.0801896024526397
0.5666666666666667,0.4,2.8300326828802405,0.10453625128664712,0.09078373589464146
0.6,0.4,2.8,0.10266980968564629,0.10743863417460019
0.6333333333333333,0.4,2.7642977396044843,0.09999619031431081,0.12842455867372102
0.6666666666666666,0.4,2.7251262916254895,0.09646398072638858,0.1526621408290907
0.7,0.4,2.683772233983162,0.09202396029983453,0.17964862749072733
0.7333333333333333,0.4,2.6409890128577,0.08662372070398659,0.20924528129125833
0.7666666666666666,0.4,2.597231800880181,0.08020417016089565,0.2415108379101487
0.8,0.4,2.552786404500042,0.07269796596475737,0.2766068194896544
0.8333333333333334,0.4,2.5078392313255535,0.06402899357727557,0.31474653287575816
0.8666666666666667,0.4,2.46251615011343,0.054112409189951145,0.3561648622347462
0.9,0.4,2.41690481051547,0.04285506052854911,0.40109721330500037
0.9333333333333333,0.4,2.3710679245295596,0.03015623051103978,0.44976257447828893
0.9666666666666667,0.4,2.325051442289447,0.015908685463296816,0.5023490043855965
1.0,0.4,2.278889744907202,0.0,0.5287477853563395
0.0,0.43333333333333335,2.28663551469891,0.0,0.5426894851646011
0.03333333333333333,0.43333333333333335,2.3333333333333335,0.016140698176131275,0.5152116065434701
0.06666666666666667,0.43333333333333335,2.3799641587420575,0.030616207728566255,0.46135197950629137
0.1,0.43333333333333335,2.426511648863825,0.04353534824629485,0.41118839924494544
0.13333333333333333,0.43333333333333335,2.4729537233052703,0.05500205941316941,0.3645399386385912
0.16666666666666666,0.43333333333333335,2.5192598299381346,0.06511417357987834,0.3211916875093942
0.2,0.43333333333333335,2.5653865063198236,0.07396238482383219,0.28090407737637674
0.23333333333333334,0.43333333333333335,2.61126987367698,0.08162943398848897,0.24342355103506974
0.26666666666666666,0.43333333333333335,2.656812328633767,0.08818951037683528,0.20849510124531562
0.3,0.43333333333333335,2.701857603000028,0.09370787617028382,0.17587936548584415
0.3333333333333333,0.43333333333333335,2.746140896471203,0.09824079389713786,0.1453831573529075
0.36666666666666664,0.43333333333333335,2.789181489322108,0.10183614465429269,0.11693278199573176
0.4,0.43333333333333335,2.8300326828802405,0.10453625128664717,0.09078373589464084
0.43333333333333335,0.43333333333333335,2.8666666666666667,0.10638778403010889,0.0680637976904369
0.4666666666666667,0.43333333333333335,2.894590744661054,0.1074648724298527,0.05155830757723032
0.5,0.43333333333333335,2.9057190958417936,0.10784853905080075,0.04671080719353443
0.5333333333333333,0.43333333333333335,2.894590744661054,0.1074648724298527,0.051558307577231725
0.5666666666666667,0.43333333333333335,2.8666666666666667,0.10638778403010883,0.06806379769043867
0.6,0.43333333333333335,2.8300326828802405,0.10453625128664709,0.0907837358946406
0.6333333333333333,0.43333333333333335,2.7891814893221083,0.10183614465429264,0.11693278199573187
0.6666666666666666,0.43333333333333335,2.746140896471203,0.09824079389713776,0.14538315735290747
0.7,0.43333333333333335,2.701857603000028,0.09370787617028378,0.17587936548584251
0.7333333333333333,0.43333333333333335,2.656812328633767,0.08818951037683528,0.20849510124531445
0.7666666666666666,0.43333333333333335,2.61126987367698,0.08162943398848901,0.24342355103506927
0.8,0.43333333333333335,2.5653865063198236,0.07396238482383223,0.280904077376377
0.8333333333333334,0.43333333333333335,2.5192598299381346,0.06511417357987838,0.3211916875093941
0.8666666666666667,0.43333333333333335,2.4729537233052703,0.05500205941316946,0.36453993863859147
0.9,0.43333333333333335,2.426511648863825,0.043535348246294875,0.4111883992449462
0.9333333333333333,0.43333333333333335,2.3799641587420575,0.03061620772856627,0.4613519795062918
0.9666666666666667,0.43333333333333335,2.3333333333333335,0.01614069817613128,0.5152116065434703
1.0,0.43333333333333335,2.28663551469891,0.0,0.5426894851646014
0.0,0.4666666666666667,2.291323612484357,0.0,0.5511965563831149
0.03333333333333333,0.4666666666666667,2.338352225290693,0.016278404296270876,0.5230903046192322
0.06666666666666667,0.4666666666666667,2.385363702847141,0.030889258436825377,0.46850186045844544
0.1,0.4666666666666667,2.4323537878024535,0.04393929192068324,0.4174771697183749
0.13333333333333333,0.4666666666666667,2.4793166882728896,0.05553052340089325,0.3698379825759656
0.16666666666666666,0.4666666666666667,2.5262443198816036,0.0657590922548773,0.3253701109966082
0.2,0.4666666666666667,2.57312505083781,0.07471424445305071,0.2838295265409622
0.23333333333333334,0.4666666666666667,2.619941524966954,0.08247748745271553,0.24494880778691053
0.26666666666666666,0.4666666666666667,2.6666666666666665,0.08912190326763711,0.20844330427112423
0.3,0.4666666666666667,2.7132558244319123,0.09471158494221162,0.17401654150300833
0.3333333333333333,0.4666666666666667,2.7596299149690675,0.09930113824600427,0.14136454405409468
0.36666666666666664,0.4666666666666667,2.80563493683849,0.10293517525050051,0.11018056426982739
0.4,0.4666666666666667,2.850928801500014,0.10564787906079007,0.08018960245263855
0.43333333333333335,0.4666666666666667,2.894590744661054,0.1074648724298527,0.05155830757723075
0.4666666666666667,0.4666666666666667,2.9333333333333336,0.10843157317329272,0.027575862799600448
0.5,0.4666666666666667,2.9528595479208968,0.10877946299294,0.015285654270365974
0.5333333333333333,0.4666666666666667,2.9333333333333336,0.10843157317329273,0.027575862799601027
0.5666666666666667,0.4666666666666667,2.894590744661054,0.10746487242985267,0.05155830757723226
0.6,0.4666666666666667,2.850928801500014,0.10564787906079001,0.08018960245263963
0.6333333333333333,0.4666666666666667,2.80563493683849,0.10293517525050044,0.11018056426982842
0.6666666666666666,0.4666666666666667,2.7596299149690675,0.09930113824600416,0.1413645440540945
0.7,0.4666666666666667,2.7132558244319123,0.09471158494221157,0.1740165415030055
0.7333333333333333,0.4666666666666667,2.666666666666667,0.08912190326763712,0.20844330427112256
0.7666666666666666,0.4666666666666667,2.619941524966954,0.0824774874527156,0.24494880778691033
0.8,0.4666666666666667,2.57312505083781,0.0747142444530508,0.28382952654096244
0.8333333333333334,0.4666666666666667,2.5262443198816036,0.06575909225487736,0.32537011099660873
0.8666666666666667,0.4666666666666667,2.4793166882728896,0.05553052340089331,0.3698379825759661
0.9,0.4666666666666667,2.4323537878024535,0.04393929192068327,0.41747716971837595
0.9333333333333333,0.4666666666666667,2.385363702847141,0.030889258436825377,0.4685018604584459
0.9666666666666667,0.4666666666666667,2.338352225290693,0.01627840429627088,0.5230903046192322
1.0,0.4666666666666667,2.291323612484357,0.0,0.551196556383115
0.0,0.5,2.2928932188134525,0.0,0.554057005201383
0.03333333333333333,0.5,2.3400336708925558,0.016324061064241988,0.5257445674095838
0.06666666666666667,0.5,2.387174122971659,0.03097979573227535,0.47091933862463603
0.1,0.5,2.434314575050762,0.04407324920868897,0.4196143725812103
0.13333333333333333,0.5,2.481455027129865,0.055705809760234794,0.3716521233428369
0.16666666666666666,0.5,2.528595479208968,0.06597306059686397,0.3268184861324906
0.2,0.5,2.5757359312880714,0.07496377374035192,0.2848678691085407
0.23333333333333334,0.5,2.6228763833671747,0.0827590607625982,0.24552836063873237
0.26666666666666666,0.5,2.670016835446278,0.08943167113879055,0.20850622679281253
0.3,0.5,2.717157287525381,0.09504540800299968,0.1734891818848815
0.3333333333333333,0.5,2.7642977396044843,0.09965461921989938,0.14014857464061506
0.36666666666666664,0.5,2.811438191683587,0.10330374196150037,0.10814292662690067
0.4,0.5,2.8585786437626903,0.10602700228283612,0.07712776418306744
0.43333333333333335,0.5,2.9057190958417936,0.10784853905080069,0.046710807193535375
0.4666666666666667,0.5,2.9528595479208968,0.10877946299293997,0.015285654270366914
0.5,0.5,3.0,0.10874925486658815,0.0
0.5333333333333333,0.5,2.9528595479208968,0.10877946299294,0.015285654270366678
0.5666666666666667,0.5,2.9057190958417936,0.1078485390508007,0.04671080719353585
0.6,0.5,2.8585786437626903,0.10602700228283612,0.07712776418306778
0.6333333333333333,0.5,2.8114381916835876,0.10330374196150034,0.1081429266269009
0.6666666666666666,0.5,2.7642977396044843,0.09965461921989936,0.14014857464061523
0.7,0.5,2.717157287525381,0.09504540800299968,0.17348918188488005
0.7333333333333333,0.5,2.670016835446278,0.08943167113879062,0.2085062267928111
0.7666666666666666,0.5,2.6228763833671747,0.08275906076259829,0.24552836063873237
0.8,0.5,2.5757359312880714,0.07496377374035199,0.2848678691085412
0.8333333333333334,0.5,2.528595479208968,0.06597306059686403,0.3268184861324911
0.8666666666666667,0.5,2.481455027129865,0.055705809760234835,0.37165212334283776
0.9,0.5,2.434314575050762,0.04407324920868898,0.41961437258121087
0.9333333333333333,0.5,2.387174122971659,0.030979795732275356,0.47091933862463614
0.9666666666666667,0.5,2.3400336708925558,0.01632406106424199,0.525744567409584
1.0,0.5,2.2928932188134525,0.0,0.5540570052013831
0.0,0.5333333333333333,2.291323612484357,0.0,0.551196556383115
0.03333333333333333,0.5333333333333333,2.338352225290693,0.01627840429627088,0.5230903046192321
0.06666666666666667,0.5333333333333333,2.385363702847141,0.030889258436825367,0.46850186045844544
0.1,0.5333333333333333,2.4323537878024535,0.04393929192068324,0.41747716971837534
0.13333333333333333,0.5333333333333333,2.4793166882728896,0.05553052340089326,0.3698379825759656
0.16666666666666666,0.5333333333333333,2.5262443198816036,0.0657590922548773,0.3253701109966077
0.2,0.5333333333333333,2.57312505083781,0.0747142444530507,0.283829526540962
0.23333333333333334,0.5333333333333333,2.619941524966954,0.08247748745271552,0.2449488077869103
0.26666666666666666,0.5333333333333333,2.6666666666666665,0.08912190326763708,0.20844330427112415
0.3,0.5333333333333333,2.7132558244319123,0.09471158494221159,0.17401654150300752
0.3333333333333333,0.5333333333333333,2.7596299149690675,0.09930113824600419,0.14136454405409446
0.36666666666666664,0.5333333333333333,2.80563493683849,0.10293517525050046,0.11018056426982799
0.4,0.5333333333333333,2.850928801500014,0.10564787906079001,0.08018960245263927
0.43333333333333335,0.5333333333333333,2.894590744661054,0.10746487242985267,0.05155830757723208
0.4666666666666667,0.5333333333333333,2.9333333333333336,0.10843157317329274,0.02757586279960074
0.5,0.5333333333333333,2.9528595479208968,0.10877946299294002,0.015285654270365974
0.5333333333333333,0.5333333333333333,2.9333333333333336,0.10843157317329274,0.02757586279960117
0.5666666666666667,0.5333333333333333,2.894590744661054,0.10746487242985267,0.051558307577232565
0.6,0.5333333333333333,2.850928801500014,0.10564787906079001,0.0801896024526395
0.6333333333333333,0.5333333333333333,2.80563493683849,0.10293517525050046,0.1101805642698275
0.6666666666666666,0.5333333333333333,2.7596299149690675,0.09930113824600421,0.1413645440540929
0.7,0.5333333333333333,2.7132558244319123,0.09471158494221167,0.1740165415030047
0.7333333333333333,0.5333333333333333,2.666666666666667,0.08912190326763722,0.2084433042711237
0.7666666666666666,0.5333333333333333,2.619941524966954,0.08247748745271562,0.2449488077869121
0.8,0.5333333333333333,2.57312505083781,0.07471424445305079,0.2838295265409624
0.8333333333333334,0.5333333333333333,2.5262443198816036,0.06575909225487737,0.32537011099660884
0.8666666666666667,0.5333333333333333,2.4793166882728896,0.05553052340089329,0.3698379825759663
0.9,0.5333333333333333,2.4323537878024535,0.04393929192068327,0.4174771697183756
0.9333333333333333,0.5333333333333333,2.385363702847141,0.03088925843682538,0.4685018604584459
0.9666666666666667,0.5333333333333333,2.338352225290693,0.016278404296270883,0.5230903046192323
1.0,0.5333333333333333,2.291323612484357,0.0,0.551196556383115
0.0,0.5666666666666667,2.28663551469891,0.0,0.5426894851646015
0.03333333333333333,0.5666666666666667,2.3333333333333335,0.016140698176131285,0.5152116065434701
0.06666666666666667,0.5666666666666667,2.3799641587420575,0.030616207728566255,0.46135197950629125
0.1,0.5666666666666667,2.426511648863825,0.043535348246294854,0.41118839924494566
0.13333333333333333,0.5666666666666667,2.4729537233052703,0.05500205941316942,0.364539938638591
0.16666666666666666,0.5666666666666667,2.5192598299381346,0.06511417357987834,0.3211916875093936
0.2,0.5666666666666667,2.5653865063198236,0.07396238482383216,0.2809040773763763
0.23333333333333334,0.5666666666666667,2.61126987367698,0.08162943398848894,0.24342355103506935
0.26666666666666666,0.5666666666666667,2.656812328633767,0.08818951037683523,0.2084951012453154
0.3,0.5666666666666667,2.701857603000028,0.09370787617028377,0.17587936548584415
0.3333333333333333,0.5666666666666667,2.746140896471203,0.09824079389713779,0.1453831573529074
0.36666666666666664,0.5666666666666667,2.789181489322108,0.10183614465429265,0.11693278199573198
0.4,0.5666666666666667,2.8300326828802405,0.10453625128664712,0.09078373589464096
0.43333333333333335,0.5666666666666667,2.8666666666666667,0.10638778403010887,0.06806379769043802
0.4666666666666667,0.5666666666666667,2.894590744661054,0.10746487242985271,0.051558307577231434
0.5,0.5666666666666667,2.9057190958417936,0.10784853905080075,0.0467108071935349
0.5333333333333333,0.5666666666666667,2.894590744661054,0.1074648724298527,0.05155830757723204
0.5666666666666667,0.5666666666666667,2.8666666666666667,0.10638778403010882,0.06806379769043899
0.6,0.5666666666666667,2.8300326828802405,0.10453625128664708,0.09078373589464016
0.6333333333333333,0.5666666666666667,2.7891814893221083,0.10183614465429264,0.11693278199573075
0.6666666666666666,0.5666666666666667,2.746140896471203,0.09824079389713782,0.1453831573529066
0.7,0.5666666666666667,2.701857603000028,0.09370787617028384,0.17587936548584246
0.7333333333333333,0.5666666666666667,2.656812328633767,0.08818951037683537,0.2084951012453146
0.7666666666666666,0.5666666666666667,2.61126987367698,0.08162943398848907,0.2434235510350698
0.8,0.5666666666666667,2.5653865063198236,0.07396238482383227,0.28090407737637724
0.8333333333333334,0.5666666666666667,2.5192598299381346,0.0651141735798784,0.3211916875093944
0.8666666666666667,0.5666666666666667,2.4729537233052703,0.05500205941316948,0.3645399386385916
0.9,0.5666666666666667,2.426511648863825,0.04353534824629488,0.4111883992449462
0.9333333333333333,0.5666666666666667,2.3799641587420575,0.030616207728566273,0.4613519795062917
0.9666666666666667,0.5666666666666667,2.3333333333333335,0.016140698176131285,0.5152116065434704
1.0,0.5666666666666667,2.28663551469891,0.0,0.5426894851646015
0.0,0.6,2.278889744907202,0.0,0.5287477853563395
0.03333333333333333,0.6,2.325051442289447,0.015908685463296816,0.5023490043855965
0.06666666666666667,0.6,2.3710679245295596,0.03015623051103978,0.44976257447828855
0.1,0.6,2.41690481051547,0.042855060528549094,0.4010972133049999
0.13333333333333333,0.6,2.46251615011343,0.054112409189951124,0.35616486223474575
0.16666666666666666,0.6,2.5078392313255535,0.06402899357727554,0.31474653287575755
0.2,0.6,2.552786404500042,0.07269796596475733,0.2766068194896536
0.23333333333333334,0.6,2.597231800880181,0.0802041701608956,0.24151083791014727
0.26666666666666666,0.6,2.6409890128576996,0.08662372070398655,0.20924528129125824
0.3,0.6,2.683772233983162,0.09202396029983449,0.17964862749072877
0.3333333333333333,0.6,2.7251262916254895,0.09646398072638858,0.15266214082909127
0.36666666666666664,0.6,2.7642977396044843,0.09999619031431081,0.12842455867372152
0.4,0.6,2.8,0.10266980968564633,0.10743863417460067
0.43333333333333335,0.6,2.8300326828802405,0.10453625128664716,0.09078373589464067
0.4666666666666667,0.6,2.850928801500014,0.10564787906079008,0.08018960245263852
0.5,0.6,2.8585786437626903,0.1060270022828362,0.07712776418306685
0.5333333333333333,0.6,2.850928801500014,0.10564787906079007,0.08018960245263904
0.5666666666666667,0.6,2.8300326828802405,0.1045362512866471,0.09078373589463949
0.6,0.6,2.8,0.10266980968564632,0.10743863417459885
0.6333333333333333,0.6,2.7642977396044843,0.09999619031431084,0.12842455867372024
0.6666666666666666,0.6,2.7251262916254895,0.09646398072638863,0.15266214082909055
0.7,0.6,2.683772233983162,0.09202396029983456,0.17964862749072716
0.7333333333333333,0.6,2.6409890128577,0.08662372070398666,0.2092452812912582
0.7666666666666666,0.6,2.597231800880181,0.08020417016089569,0.24151083791014893
0.8,0.6,2.552786404500042,0.07269796596475743,0.276606819489654
0.8333333333333334,0.6,2.5078392313255535,0.06402899357727562,0.314746532875758
0.8666666666666667,0.6,2.46251615011343,0.054112409189951194,0.3561648622347463
0.9,0.6,2.41690481051547,0.042855060528549135,0.4010972133050008
0.9333333333333333,0.6,2.3710679245295596,0.030156230511039793,0.44976257447828916
0.9666666666666667,0.6,2.325051442289447,0.01590868546329682,0.5023490043855968
1.0,0.6,2.278889744907202,0.0,0.5287477853563396
0.0,0.6333333333333333,2.2681833866633285,0.0,0.5096909490222005
0.03333333333333333,0.6333333333333333,2.313624657267533,0.015578439741045998,0.484867052321448
0.06666666666666667,0.6333333333333333,2.3588205312776216,0.029501656399172942,0.4341767594771546
0.1,0.6333333333333333,2.403715206000056,0.041887379746895326,0.3877276487701168
0.13333333333333333,0.6333333333333333,2.4482351547584384,0.05284763283609642,0.34531410836985965
0.16666666666666666,0.6333333333333333,2.492281792942406,0.06248726223927904,0.3067026314554021
0.2,0.6333333333333333,2.5357203907605292,0.07090286883397341,0.271652440409173
0.23333333333333334,0.6333333333333333,2.578362978644216,0.07818216295861444,0.23993798422768103
0.26666666666666666,0.6333333333333333,2.619941524966954,0.08440375001200327,0.21137449964392585
0.3,0.6333333333333333,2.660065365760481,0.08963737788906961,0.1858497962319828
0.3333333333333333,0.6333333333333333,2.6981538287287528,0.09394473744986072,0.16336658660911701
0.36666666666666664,0.6333333333333333,2.7333333333333334,0.09738091532242321,0.1440960332165561
0.4,0.6333333333333333,2.7642977396044843,0.09999619031431084,0.12842455867372174
0.43333333333333335,0.6333333333333333,2.7891814893221083,0.10183614465429269,0.11693278199573208
0.4666666666666667,0.6333333333333333,2.80563493683849,0.10293517525050055,0.11018056426982765
0.5,0.6333333333333333,2.8114381916835876,0.10330374196150044,0.1081429266269009
0.5333333333333333,0.6333333333333333,2.80563493683849,0.10293517525050053,0.11018056426982731
0.5666666666666667,0.6333333333333333,2.7891814893221083,0.10183614465429272,0.11693278199573064
0.6,0.6333333333333333,2.7642977396044843,0.09999619031431087,0.1284245586737209
0.6333333333333333,0.6333333333333333,2.7333333333333334,0.09738091532242327,0.14409603321655573
0.6666666666666666,0.6333333333333333,2.6981538287287528,0.09394473744986076,0.1633665866091162
0.7,0.6333333333333333,2.660065365760481,0.08963737788906968,0.18584979623198236
0.7333333333333333,0.6333333333333333,2.619941524966954,0.08440375001200336,0.21137449964392682
0.7666666666666666,0.6333333333333333,2.578362978644216,0.0781821629586145,0.23993798422768164
0.8,0.6333333333333333,2.5357203907605292,0.0709028688339735,0.2716524404091734
0.8333333333333334,0.6333333333333333,2.492281792942406,0.06248726223927912,0.3067026314554025
0.8666666666666667,0.6333333333333333,2.4482351547584384,0.05284763283609649,0.3453141083698603
0.9,0.6333333333333333,2.403715206000056,0.041887379746895374,0.3877276487701177
0.9333333333333333,0.6333333333333333,2.3588205312776216,0.02950165639917296,0.4341767594771553
0.9666666666666667,0.6333333333333333,2.313624657267533,0.015578439741046004,0.4848670523214483
1.0,0.6333333333333333,2.2681833866633285,0.0,0.5096909490222007
0.0,0.6666666666666666,2.25464400750007,0.0,0.4859022310866074
0.03333333333333333,0.6666666666666666,2.2992067986123788,0.015144118961078902,0.4632085038277667
0.06666666666666667,0.6666666666666666,2.34340947988026,0.02864109590966287,0.41513337897570496
0.1,0.6666666666666666,2.387174122971659,0.04061593302200617,0.3717116455150007
0.13333333333333333,0.6666666666666666,2.430399750312165,0.051187099068538015,0.33269924107116244
0.16666666666666666,0.6666666666666666,2.4729537233052703,0.0604648509635128,0.2978259026046961
0.2,0.6666666666666666,2.514659340714632,0.0685501364336687,0.26682186276011194
0.23333333333333334,0.6666666666666666,2.5552778645291223,0.07553406545306643,0.23944292014068688
0.26666666666666666,0.6666666666666666,2.5944824979801187,0.08149789324348941,0.21549328999593564
0.3,0.6666666666666666,2.6318212994270915,0.086513448068928,0.19484586044315752
0.3333333333333333,0.6666666666666666,2.6666666666666665,0.09064391433865585,0.17745703941954377
0.36666666666666664,0.6666666666666666,2.6981538287287528,0.09394473744986073,0.16336658660911707
0.4,0.6666666666666666,2.7251262916254895,0.09646398072638862,0.15266214082909135
0.43333333333333335,0.6666666666666666,2.746140896471203,0.09824079389713786,0.145383157352908
0.4666666666666667,0.6666666666666666,2.7596299149690675,0.09930113824600428,0.1413645440540951
0.5,0.6666666666666666,2.7642977396044843,0.09965461921989943,0.14014857464061595
0.5333333333333333,0.6666666666666666,2.7596299149690675,0.09930113824600428,0.14136454405409413
0.5666666666666667,0.6666666666666666,2.746140896471203,0.09824079389713787,0.14538315735290738
0.6,0.6666666666666666,2.7251262916254895,0.09646398072638865,0.1526621408290907
0.6333333333333333,0.6666666666666666,2.6981538287287528,0.09394473744986077,0.16336658660911635
0.6666666666666666,0.6666666666666666,2.666666666666667,0.09064391433865591,0.1774570394195436
0.7,0.6666666666666666,2.6318212994270915,0.08651344806892805,0.19484586044315902
0.7333333333333333,0.6666666666666666,2.5944824979801187,0.08149789324348945,0.21549328999593695
0.7666666666666666,0.6666666666666666,2.5552778645291223,0.07553406545306644,0.23944292014068735
0.8,0.6666666666666666,2.514659340714632,0.06855013643366872,0.2668218627601121
0.8333333333333334,0.6666666666666666,2.4729537233052703,0.06046485096351285,0.29782590260469677
0.8666666666666667,0.6666666666666666,2.430399750312165,0.051187099068538036,0.33269924107116344
0.9,0.6666666666666666,2.387174122971659,0.040615933022006195,0.371711645515001
0.9333333333333333,0.6666666666666666,2.34340947988026,0.028641095909662885,0.41513337897570557
0.9666666666666667,0.6666666666666666,2.2992067986123788,0.0151441189610789,0.46320850382776685
1.0,0.6666666666666666,2.25464400750007,0.0,0.4859022310866073
0.0,0.7,2.2384226894136092,0.0,0.4577785356150968
0.03333333333333333,0.7,2.2819780257153996,0.01459760331735743,0.4378441125043828
0.06666666666666667,0.7,2.325051442289447,0.027558778391088713,0.39321129876041916
0.1,0.7,2.367544467966324,0.03901816028945321,0.3537253531819581
0.13333333333333333,0.7,2.409331828444355,0.04910253228071838,0.31906788787816787
0.16666666666666666,0.7,2.4502525832509785,0.05792886267188726,0.28889503746557904
0.2,0.7,2.4900980486407214,0.06560319483663349,0.2628702540790549
0.23333333333333334,0.7,2.528595479208968,0.07222028782871188,0.24068869485485556
0.26666666666666666,0.7,2.5653865063198236,0.07786383315756122,0.22209156458330784
0.3,0.7,2.6,0.08260705238332534,0.2068687357539093
0.3333333333333333,0.7,2.6318212994270915,0.08651344806892801,0.19484586044315744
0.36666666666666664,0.7,2.660065365760481,0.08963737788906964,0.18584979623198242
0.4,0.7,2.683772233983162,0.09202396029983455,0.17964862749072788
0.43333333333333335,0.7,2.701857603000028,0.09370787617028384,0.17587936548584415
0.4666666666666667,0.7,2.7132558244319123,0.09471158494221164,0.17401654150300738
0.5,0.7,2.717157287525381,0.09504540800299974,0.17348918188488102
0.5333333333333333,0.7,2.7132558244319123,0.09471158494221167,0.17401654150300605
0.5666666666666667,0.7,2.701857603000028,0.0937078761702839,0.17587936548584288
0.6,0.7,2.683772233983162,0.0920239602998346,0.17964862749072757
0.6333333333333333,0.7,2.660065365760481,0.08963737788906968,0.18584979623198272
0.6666666666666666,0.7,2.6318212994270915,0.08651344806892805,0.19484586044315902
0.7,0.7,2.6,0.08260705238332537,0.20686873575391013
0.7333333333333333,0.7,2.5653865063198236,0.07786383315756124,0.22209156458330784
0.7666666666666666,0.7,2.5285954792089687,0.07222028782871187,0.24068869485485536
0.8,0.7,2.4900980486407214,0.06560319483663347,0.26287025407905595
0.8333333333333334,0.7,2.4502525832509785,0.057928862671887266,0.2888950374655795
0.8666666666666667,0.7,2.409331828444355,0.04910253228071837,0.31906788787816825
0.9,0.7,2.367544467966324,0.03901816028945321,0.3537253531819581
0.9333333333333333,0.7,2.325051442289447,0.027558778391088713,0.39321129876041927
0.9666666666666667,0.7,2.2819780257153996,0.01459760331735743,0.4378441125043828
1.0,0.7,2.2384226894136092,0.0,0.4577785356150968
0.0,0.7333333333333333,2.2196866726186917,0.0,0.42567973671302906
0.03333333333333333,0.7333333333333333,2.262135212627378,0.013927966814050348,0.4092260341879544
0.06666666666666667,0.7333333333333333,2.30397956607263,0.02623360808428873,0.36898396180363346
0.1,0.7333333333333333,2.3451039098537168,0.037064133710990405,0.3344435341794241
0.13333333333333333,0.7333333333333333,2.385363702847141,0.046556789881153485,0.30515713507873293
0.16666666666666666,0.7333333333333333,2.424577449945598,0.05483654877985755,0.28065595697125467
0.2,0.7333333333333333,2.46251615011343,0.06201508051634187,0.26048971748109323
0.23333333333333334,0.7333333333333333,2.498890120720903,0.06819071672954463,0.24424775506267815
0.26666666666666666,0.7333333333333333,2.533333333333333,0.07344904935961397,0.23156182077863222
0.3,0.7333333333333333,2.5653865063198236,0.07786383315756121,0.22209156458330834
0.3333333333333333,0.7333333333333333,2.5944824979801187,0.08149789324348944,0.2154932899959361
0.36666666666666664,0.7333333333333333,2.619941524966954,0.08440375001200334,0.21137449964392618
0.4,0.7333333333333333,2.6409890128577,0.08662372070398662,0.20924528129125847
0.43333333333333335,0.7333333333333333,2.656812328633767,0.0881895103768353,0.20849510124531576
0.4666666666666667,0.7333333333333333,2.666666666666667,0.08912190326763714,0.20844330427112467
0.5,0.7333333333333333,2.670016835446278,0.08943167113879064,0.20850622679281253
0.5333333333333333,0.7333333333333333,2.666666666666667,0.0891219032676372,0.2084433042711237
0.5666666666666667,0.7333333333333333,2.656812328633767,0.08818951037683538,0.20849510124531562
0.6,0.7333333333333333,2.6409890128577,0.08662372070398668,0.20924528129125863
0.6333333333333333,0.7333333333333333,2.619941524966954,0.08440375001200337,0.21137449964392632
0.6666666666666666,0.7333333333333333,2.5944824979801187,0.08149789324348945,0.21549328999593664
0.7,0.7333333333333333,2.5653865063198236,0.07786383315756122,0.22209156458330748
0.7333333333333333,0.7333333333333333,2.533333333333333,0.07344904935961398,0.23156182077863036
0.7666666666666666,0.7333333333333333,2.4988901207209033,0.06819071672954465,0.24424775506267846
0.8,0.7333333333333333,2.46251615011343,0.06201508051634188,0.26048971748109406
0.8333333333333334,0.7333333333333333,2.424577449945598,0.05483654877985755,0.28065595697125495
0.8666666666666667,0.7333333333333333,2.385363702847141,0.04655678988115347,0.305157135078733
0.9,0.7333333333333333,2.3451039098537168,0.0370641337109904,0.33444353417942385
0.9333333333333333,0.7333333333333333,2.30397956607263,0.026233608084288727,0.3689839618036334
0.9666666666666667,0.7333333333333333,2.262135212627378,0.013927966814050348,0.4092260341879544
1.0,0.7333333333333333,2.2196866726186917,0.0,0.42567973671302906
0.0,0.7666666666666666,2.198612314655246,0.0,0.3898799491028734
0.03333333333333333,0.7666666666666666,2.239883049933908,0.013120675598661237,0.37775012102422195
0.06666666666666667,0.7666666666666666,2.28043222850257,0.02463776608277346,0.34299219993644753
0.1,0.7666666666666666,2.3201307315209623,0.03471487093540768,0.314520755609584
0.13333333333333333,0.7666666666666666,2.3588205312776216,0.0435021875763418,0.29168107836374385
0.16666666666666666,0.7666666666666666,2.3963076574575055,0.051133880521083724,0.27381676211238776
0.2,0.7666666666666666,2.4323537878024535,0.05772741282484663,0.26031655877717447
0.23333333333333334,0.7666666666666666,2.466666666666667,0.06338416642412352,0.25062835393076316
0.26666666666666666,0.7666666666666666,2.498890120720903,0.06819071672954463,0.244247755062678
0.3,0.7666666666666666,2.528595479208968,0.07222028782871187,0.240688694854856
0.3333333333333333,0.7666666666666666,2.5552778645291223,0.07553406545306647,0.2394429201406875
0.36666666666666664,0.7666666666666666,2.578362978644216,0.07818216295861449,0.23993798422768148
0.4,0.7666666666666666,2.597231800880181,0.08020417016089564,0.24151083791014893
0.43333333333333335,0.7666666666666666,2.61126987367698,0.08162943398848899,0.24342355103506996
0.4666666666666667,0.7666666666666666,2.619941524966954,0.08247748745271555,0.24494880778691241
0.5,0.7666666666666666,2.6228763833671747,0.08275906076259826,0.2455283606387335
0.5333333333333333,0.7666666666666666,2.619941524966954,0.08247748745271562,0.24494880778691255
0.5666666666666667,0.7666666666666666,2.61126987367698,0.08162943398848906,0.24342355103507068
0.6,0.7666666666666666,2.597231800880181,0.0802041701608957,0.24151083791014905
0.6333333333333333,0.7666666666666666,2.578362978644216,0.07818216295861455,0.23993798422768142
0.6666666666666666,0.7666666666666666,2.5552778645291223,0.07553406545306648,0.23944292014068688
0.7,0.7666666666666666,2.5285954792089687,0.0722202878287119,0.24068869485485492
0.7333333333333333,0.7666666666666666,2.4988901207209033,0.06819071672954467,0.2442477550626787
0.7666666666666666,0.7666666666666666,2.466666666666667,0.06338416642412355,0.250628353930765
0.8,0.7666666666666666,2.4323537878024535,0.057727412824846655,0.26031655877717447
0.8333333333333334,0.7666666666666666,2.3963076574575055,0.05113388052108374,0.27381676211238815
0.8666666666666667,0.7666666666666666,2.3588205312776216,0.04350218757634179,0.29168107836374396
0.9,0.7666666666666666,2.3201307315209623,0.03471487093540768,0.3145207556095838
0.9333333333333333,0.7666666666666666,2.28043222850257,0.02463776608277346,0.3429921999364475
0.9666666666666667,0.7666666666666666,2.239883049933908,0.013120675598661237,0.37775012102422195
1.0,0.7666666666666666,2.198612314655246,0.0,0.3898799491028734
0.0,0.8,2.175378874876468,0.0,0.35051862611289836
0.03333333333333333,0.8,2.215426513604012,0.012156307852976318,0.3437298387273331
0.06666666666666667,0.8,2.25464400750007,0.02273454746043099,0.31574107716281236
0.1,0.8,2.2928932188134525,0.031919831996171155,0.29460403126267326
0.13333333333333333,0.8,2.330008291925274,0.03987811561900193,0.2793522221827038
0.16666666666666666,0.8,2.365790080318652,0.046753569397529754,0.2690750787190945
0.2,0.8,2.4,0.05266893356726286,0.26296549339282593
0.23333333333333334,0.8,2.4323537878024535,0.05772741282484664,0.26031655877717447
0.26666666666666666,0.8,2.46251615011343,0.06201508051634187,0.26048971748109295
0.3,0.8,2.4900980486407214,0.06560319483663347,0.26287025407905523
0.3333333333333333,0.8,2.514659340714632,0.06855013643366872,0.2668218627601124
0.36666666666666664,0.8,2.5357203907605292,0.07090286883397345,0.2716524404091733
0.4,0.8,2.552786404500042,0.07269796596475736,0.2766068194896542
0.43333333333333335,0.8,2.5653865063198236,0.07396238482383219,0.2809040773763773
0.4666666666666667,0.8,2.57312505083781,0.0747142444530507,0.28382952654096294
0.5,0.8,2.5757359312880714,0.07496377374035193,0.28486786910854217
0.5333333333333333,0.8,2.57312505083781,0.07471424445305075,0.28382952654096355
0.5666666666666667,0.8,2.5653865063198236,0.07396238482383223,0.2809040773763775
0.6,0.8,2.552786404500042,0.07269796596475742,0.2766068194896544
0.6333333333333333,0.8,2.5357203907605292,0.07090286883397351,0.27165244040917397
0.6666666666666666,0.8,2.514659340714632,0.06855013643366877,0.26682186276011255
0.7,0.8,2.4900980486407214,0.0656031948366335,0.2628702540790567
0.7333333333333333,0.8,2.46251615011343,0.062015080516341886,0.2604897174810949
0.7666666666666666,0.8,2.4323537878024535,0.057727412824846655,0.26031655877717486
0.8,0.8,2.4,0.052668933567262884,0.26296549339282627
0.8333333333333334,0.8,2.365790080318652,0.04675356939752976,0.26907507871909486
0.8666666666666667,0.8,2.330008291925274,0.03987811561900193,0.2793522221827038
0.9,0.8,2.2928932188134525,0.031919831996171155,0.29460403126267326
0.9333333333333333,0.8,2.25464400750007,0.02273454746043099,0.31574107716281236
0.9666666666666667,0.8,2.215426513604012,0.012156307852976318,0.3437298387273331
1.0,0.8,2.175378874876468,0.0,0.35051862611289836
0.0,0.8333333333333334,2.1501634144012027,0.0,0.3075430154128494
0.03333333333333333,0.8333333333333334,2.1889649959602373,0.011008393467477994,0.3073842447763297
0.06666666666666667,0.8333333333333334,2.2268390996837866,0.020474881743573786,0.28772867828101195
0.1,0.8333333333333334,2.2636425988541826,0.028613123550019225,0.2753821111179381
0.13333333333333333,0.8333333333333334,2.2992067986123788,0.03560763261540123,0.2689346670434079
0.16666666666666666,0.8333333333333334,2.333333333333333,0.04161237535358941,0.2671678975121186
0.2,0.8333333333333334,2.365790080318652,0.04675356939752975,0.26907507871909453
0.23333333333333334,0.8333333333333334,2.3963076574575055,0.051133880521083724,0.2738167621123881
0.26666666666666666,0.8333333333333334,2.424577449945598,0.05483654877985755,0.28065595697125456
0.3,0.8333333333333334,2.4502525832509785,0.05792886267188724,0.2888950374655796
0.3333333333333333,0.8333333333333334,2.4729537233052703,0.06046485096351284,0.29782590260469866
0.36666666666666664,0.8333333333333334,2.492281792942406,0.06248726223927908,0.30670263145540244
0.4,0.8333333333333334,2.5078392313255535,0.06402899357727554,0.314746532875758
0.43333333333333335,0.8333333333333334,2.5192598299381346,0.06511417357987831,0.32119168750939464
0.4666666666666667,0.8333333333333334,2.5262443198816036,0.06575909225487728,0.3253701109966086
0.5,0.8333333333333334,2.528595479208968,0.06597306059686395,0.32681848613249154
0.5333333333333333,0.8333333333333334,2.5262443198816036,0.0657590922548773,0.32537011099660923
0.5666666666666667,0.8333333333333334,2.5192598299381346,0.06511417357987836,0.32119168750939453
0.6,0.8333333333333334,2.5078392313255535,0.0640289935772756,0.31474653287575854
0.6333333333333333,0.8333333333333334,2.492281792942406,0.0624872622392791,0.30670263145540305
0.6666666666666666,0.8333333333333334,2.4729537233052703,0.06046485096351286,0.2978259026046971
0.7,0.8333333333333334,2.4502525832509785,0.057928862671887266,0.28889503746557993
0.7333333333333333,0.8333333333333334,2.424577449945598,0.05483654877985754,0.2806559569712553
0.7666666666666666,0.8333333333333334,2.3963076574575055,0.05113388052108372,0.2738167621123883
0.8,0.8333333333333334,2.365790080318652,0.046753569397529754,0.26907507871909464
0.8333333333333334,0.8333333333333334,2.333333333333333,0.04161237535358941,0.26716789751211883
0.8666666666666667,0.8333333333333334,2.2992067986123788,0.03560763261540123,0.2689346670434079
0.9,0.8333333333333334,2.2636425988541826,0.028613123550019225,0.27538211111793814
0.9333333333333333,0.8333333333333334,2.2268390996837866,0.020474881743573786,0.28772867828101206
0.9666666666666667,0.8333333333333334,2.1889649959602373,0.011008393467477992,0.3073842447763297
1.0,0.8333333333333334,2.1501634144012027,0.0,0.30754301541284934
0.0,0.8666666666666667,2.123136904135606,0.0,0.2606225892847955
0.03333333333333333,0.8666666666666667,2.1606881125323887,0.00963952516857271,0.2688485792769068
0.06666666666666667,0.8666666666666667,2.1972270280805137,0.017791521585040583,0.2595255283366131
0.1,0.8666666666666667,2.2326090377852443,0.024707686938338535,0.25768260254684194
0.13333333333333333,0.8666666666666667,2.2666666666666666,0.030592687982704616,0.2613283110827204
0.16666666666666666,0.8666666666666667,2.2992067986123788,0.03560763261540122,0.26893466704340785
0.2,0.8666666666666667,2.330008291925274,0.039878115619001925,0.2793522221827038
0.23333333333333334,0.8666666666666667,2.3588205312776216,0.04350218757634179,0.2916810783637453
0.26666666666666666,0.8666666666666667,2.385363702847141,0.04655678988115348,0.30515713507873293
0.3,0.8666666666666667,2.409331828444355,0.049102532280718356,0.31906788787816726
0.3333333333333333,0.8666666666666667,2.4303997503121644,0.051187099068537995,0.3326992410711651
0.36666666666666664,0.8666666666666667,2.4482351547584384,0.05284763283609643,0.34531410836986065
0.4,0.8666666666666667,2.46251615011343,0.054112409189951104,0.35616486223474597
0.43333333333333335,0.8666666666666667,2.4729537233052703,0.05500205941316938,0.36453993863859124
0.4666666666666667,0.8666666666666667,2.4793166882728896,0.055530523400893206,0.369837982575966
0.5,0.8666666666666667,2.481455027129865,0.05570580976023475,0.3716521233428372
0.5333333333333333,0.8666666666666667,2.4793166882728896,0.05553052340089322,0.3698379825759661
0.5666666666666667,0.8666666666666667,2.4729537233052703,0.05500205941316942,0.3645399386385915
0.6,0.8666666666666667,2.46251615011343,0.05411240918995114,0.35616486223474636
0.6333333333333333,0.8666666666666667,2.4482351547584384,0.052847632836096455,0.3453141083698601
0.6666666666666666,0.8666666666666667,2.430399750312165,0.05118709906853804,0.3326992410711632
0.7,0.8666666666666667,2.409331828444355,0.04910253228071838,0.31906788787816837
0.7333333333333333,0.8666666666666667,2.385363702847141,0.046556789881153464,0.30515713507873315
0.7666666666666666,0.8666666666666667,2.3588205312776216,0.04350218757634178,0.29168107836374374
0.8,0.8666666666666667,2.330008291925274,0.03987811561900193,0.27935222218270367
0.8333333333333334,0.8666666666666667,2.2992067986123788,0.035607632615401216,0.2689346670434079
0.8666666666666667,0.8666666666666667,2.2666666666666666,0.030592687982704616,0.26132831108272037
0.9,0.8666666666666667,2.2326090377852443,0.02470768693833853,0.257682602546842
0.9333333333333333,0.8666666666666667,2.1972270280805137,0.017791521585040583,0.2595255283366131
0.9666666666666667,0.8666666666666667,2.1606881125323887,0.00963952516857271,0.2688485792769068
1.0,0.8666666666666667,2.123136904135606,0.0,0.2606225892847955
0.0,0.9,2.0944614861862583,0.0,0.20899139645812956
0.03333333333333333,0.9,2.130773012639647,0.007993765527501778,0.2282418837732755
0.06666666666666667,0.9,2.1660002664535467,0.014588964223385263,0.23195128742458657
0.1,0.9,2.2,0.02008641886189877,0.24263844749610375
0.13333333333333333,0.9,2.2326090377852443,0.024707686938338535,0.2576826025468419
0.16666666666666666,0.9,2.2636425988541826,0.028613123550019222,0.275382111117938
0.2,0.9,2.2928932188134525,0.03191983199617115,0.2946040312626727
0.23333333333333334,0.9,2.320130731520962,0.03471487093540767,0.314520755609584
0.26666666666666666,0.9,2.3451039098537168,0.03706413371099039,0.3344435341794246
0.3,0.9,2.367544467966324,0.039018160289453194,0.3537253531819577
0.3333333333333333,0.9,2.3871741229716585,0.040615933022006154,0.37171164551499886
0.36666666666666664,0.9,2.403715206000056,0.04188737974689531,0.38772764877011745
0.4,0.9,2.41690481051547,0.042855060528549066,0.4010972133049999
0.43333333333333335,0.9,2.426511648863825,0.043535348246294805,0.4111883992449453
0.4666666666666667,0.9,2.4323537878024535,0.043939291920683195,0.4174771697183749
0.5,0.9,2.434314575050762,0.04407324920868892,0.41961437258121026
0.5333333333333333,0.9,2.4323537878024535,0.04393929192068321,0.4174771697183749
0.5666666666666667,0.9,2.426511648863825,0.04353534824629484,0.41118839924494566
0.6,0.9,2.41690481051547,0.0428550605285491,0.40109721330500014
0.6333333333333333,0.9,2.403715206000056,0.04188737974689535,0.3877276487701171
0.6666666666666666,0.9,2.387174122971659,0.040615933022006195,0.37171164551500097
0.7,0.9,2.367544467966324,0.03901816028945321,0.35372535318195847
0.7333333333333333,0.9,2.3451039098537168,0.03706413371099039,0.334443534179424
0.7666666666666666,0.9,2.3201307315209623,0.03471487093540766,0.3145207556095836
0.8,0.9,2.2928932188134525,0.031919831996171155,0.29460403126267315
0.8333333333333334,0.9,2.2636425988541826,0.028613123550019225,0.2753821111179379
0.8666666666666667,0.9,2.2326090377852443,0.024707686938338535,0.257682602546842
0.9,0.9,2.2,0.020086418861898766,0.24263844749610375
0.9333333333333333,0.9,2.1660002664535467,0.014588964223385261,0.2319512874245865
0.9666666666666667,0.9,2.130773012639647,0.007993765527501777,0.22824188377327548
1.0,0.9,2.0944614861862583,0.0,0.2089913964581295
0.0,0.9333333333333333,2.06428874349212,0.0,0.1511073337749523
0.03333333333333333,0.9333333333333333,2.099382927592914,0.0059802301232274434,0.18592248489670846
0.06666666666666667,0.9333333333333333,2.1333333333333333,0.01072540487786085,0.20645674441606748
0.1,0.9333333333333333,2.1660002664535467,0.014588964223385265,0.23195128742458657
0.13333333333333333,0.9333333333333333,2.1972270280805137,0.017791521585040583,0.25952552833661297
0.16666666666666666,0.9333333333333333,2.2268390996837866,0.02047488174357378,0.28772867828101195
0.2,0.9333333333333333,2.25464400750007,0.022734547460430986,0.3157410771628122
0.23333333333333334,0.9333333333333333,2.28043222850257,0.02463776608277345,0.34299219993644564
0.26666666666666666,0.9333333333333333,2.30397956607263,0.02623360808428871,0.36898396180363324
0.3,0.9333333333333333,2.325051442289447,0.027558778391088688,0.3932112987604192
0.3333333333333333,0.9333333333333333,2.34340947988026,0.02864109590966285,0.415133378975703
0.36666666666666664,0.9333333333333333,2.3588205312776216,0.029501656399172918,0.4341767594771546
0.4,0.9333333333333333,2.3710679245295596,0.03015623051103975,0.4497625744782884
0.43333333333333335,0.9333333333333333,2.3799641587420575,0.030616207728566228,0.46135197950629075
0.4666666666666667,0.9333333333333333,2.385363702847141,0.030889258436825336,0.4685018604584448
0.5,0.9333333333333333,2.387174122971659,0.03097979573227531,0.47091933862463553
0.5333333333333333,0.9333333333333333,2.385363702847141,0.030889258436825346,0.46850186045844505
0.5666666666666667,0.9333333333333333,2.3799641587420575,0.030616207728566245,0.46135197950629125
0.6,0.9333333333333333,2.3710679245295596,0.030156230511039776,0.44976257447828866
0.6333333333333333,0.9333333333333333,2.3588205312776216,0.02950165639917295,0.4341767594771548
0.6666666666666666,0.9333333333333333,2.34340947988026,0.028641095909662885,0.41513337897570557
0.7,0.9333333333333333,2.325051442289447,0.027558778391088702,0.39321129876041944
0.7333333333333333,0.9333333333333333,2.30397956607263,0.02623360808428872,0.36898396180363335
0.7666666666666666,0.9333333333333333,2.28043222850257,0.024637766082773457,0.34299219993644725
0.8,0.9333333333333333,2.25464400750007,0.022734547460430986,0.3157410771628124
0.8333333333333334,0.9333333333333333,2.2268390996837866,0.020474881743573786,0.28772867828101195
0.8666666666666667,0.9333333333333333,2.1972270280805137,0.017791521585040587,0.2595255283366131
0.9,0.9333333333333333,2.1660002664535467,0.014588964223385263,0.23195128742458657
0.9333333333333333,0.9333333333333333,2.1333333333333333,0.01072540487786085,0.2064567444160674
0.9666666666666667,0.9333333333333333,2.099382927592914,0.0059802301232274434,0.18592248489670846
1.0,0.9333333333333333,2.06428874349212,0.0,0.1511073337749523
0.0,0.9666666666666667,2.032758791430206,0.0,0.08381308162288544
0.03333333333333333,0.9666666666666667,2.066666666666667,0.0034330389916143096,0.14343395976512352
0.06666666666666667,0.9666666666666667,2.099382927592914,0.0059802301232274434,0.18592248489670846
0.1,0.9666666666666667,2.130773012639647,0.007993765527501777,0.2282418837732755
0.13333333333333333,0.9666666666666667,2.1606881125323887,0.00963952516857271,0.2688485792769068
0.16666666666666666,0.9666666666666667,2.1889649959602373,0.011008393467477992,0.30738424477632953
0.2,0.9666666666666667,2.215426513604012,0.012156307852976318,0.34372983872733304
0.23333333333333334,0.9666666666666667,2.239883049933908,0.013120675598661232,0.37775012102422173
0.26666666666666666,0.9666666666666667,2.262135212627378,0.01392796681405034,0.40922603418795395
0.3,0.9666666666666667,2.2819780257153996,0.014597603317357414,0.4378441125043824
0.3333333333333333,0.9666666666666667,2.2992067986123788,0.015144118961078885,0.4632085038277663
0.36666666666666664,0.9666666666666667,2.313624657267533,0.015578439741045981,0.48486705232144767
0.4,0.9666666666666667,2.325051442289447,0.0159086854632968,0.502349004385596
0.43333333333333335,0.9666666666666667,2.3333333333333335,0.016140698176131264,0.5152116065434696
0.4666666666666667,0.9666666666666667,2.338352225290693,0.016278404296270865,0.5230903046192316
0.5,0.9666666666666667,2.3400336708925558,0.01632406106424197,0.5257445674095831
0.5333333333333333,0.9666666666666667,2.338352225290693,0.016278404296270865,0.5230903046192318
0.5666666666666667,0.9666666666666667,2.3333333333333335,0.016140698176131268,0.51521160654347
0.6,0.9666666666666667,2.325051442289447,0.015908685463296813,0.5023490043855964
0.6333333333333333,0.9666666666666667,2.313624657267533,0.015578439741046,0.4848670523214481
0.6666666666666666,0.9666666666666667,2.2992067986123788,0.0151441189610789,0.4632085038277669
0.7,0.9666666666666667,2.2819780257153996,0.014597603317357422,0.43784411250438265
0.7333333333333333,0.9666666666666667,2.262135212627378,0.013927966814050343,0.4092260341879542
0.7666666666666666,0.9666666666666667,2.239883049933908,0.013120675598661235,0.3777501210242219
0.8,0.9666666666666667,2.215426513604012,0.012156307852976316,0.34372983872733304
0.8333333333333334,0.9666666666666667,2.1889649959602373,0.011008393467477996,0.30738424477632964
0.8666666666666667,0.9666666666666667,2.1606881125323887,0.009639525168572713,0.26884857927690686
0.9,0.9666666666666667,2.130773012639647,0.007993765527501778,0.2282418837732755
0.9333333333333333,0.9666666666666667,2.099382927592914,0.0059802301232274434,0.18592248489670846
0.9666666666666667,0.9666666666666667,2.066666666666667,0.0034330389916143096,0.14343395976512352
1.0,0.9666666666666667,2.032758791430206,0.0,0.08381308162288544
0.0,1.0,2.0,0.0,0.0
0.03333333333333333,1.0,2.032758791430206,0.0,0.08381308162288544
0.06666666666666667,1.0,2.06428874349212,0.0,0.1511073337749523
0.1,1.0,2.0944614861862583,0.0,0.2089913964581295
0.13333333333333333,1.0,2.123136904135606,0.0,0.2606225892847955
0.16666666666666666,1.0,2.1501634144012027,0.0,0.30754301541284934
0.2,1.0,2.175378874876468,0.0,0.35051862611289836
0.23333333333333334,1.0,2.198612314655246,0.0,0.3898799491028732
0.26666666666666666,1.0,2.2196866726186917,0.0,0.4256797367130288
0.3,1.0,2.2384226894136092,0.0,0.4577785356150963
0.3333333333333333,1.0,2.25464400750007,0.0,0.4859022310866068
0.36666666666666664,1.0,2.2681833866633285,0.0,0.5096909490221998
0.4,1.0,2.278889744907202,0.0,0.528747785356339
0.43333333333333335,1.0,2.28663551469891,0.0,0.5426894851646008
0.4666666666666667,1.0,2.291323612484357,0.0,0.5511965563831145
0.5,1.0,2.2928932188134525,0.0,0.5540570052013825
0.5333333333333333,1.0,2.291323612484357,0.0,0.5511965563831145
0.5666666666666667,1.0,2.28663551469891,0.0,0.5426894851646009
0.6,1.0,2.278889744907202,0.0,0.5287477853563394
0.6333333333333333,1.0,2.2681833866633285,0.0,0.5096909490222005
0.6666666666666666,1.0,2.25464400750007,0.0,0.4859022310866073
0.7,1.0,2.2384226894136092,0.0,0.4577785356150965
0.7333333333333333,1.0,2.2196866726186917,0.0,0.42567973671302894
0.7666666666666666,1.0,2.198612314655246,0.0,0.3898799491028733
0.8,1.0,2.175378874876468,0.0,0.3505186261128983
0.8333333333333334,1.0,2.1501634144012027,0.0,0.3075430154128494
0.8666666666666667,1.0,2.123136904135606,0.0,0.26062258928479554
0.9,1.0,2.0944614861862583,0.0,0.20899139645812956
0.9333333333333333,1.0,2.06428874349212,0.0,0.1511073337749523
0.9666666666666667,1.0,2.032758791430206,0.0,0.08381308162288544
1.0,1.0,2.0,0.0,0.0
