name,n_points,r_max,v_max,slope_full,slope_err,alpha_full,r2_full,slope_inner,alpha_inner,slope_outer,alpha_outer,struct_proxy,bar_ratio
NGC5371,19,46.24,242.0,-0.011604396574305119,0.008162657113742313,2.0232087931486102,-0.3098440327390444,0.060391146666439785,1.8792177066671205,-0.20553020414907797,2.411060408298156,0.9830776156550799,1.1235757053401596
UGC06628,7,7.69,42.3,0.0954055252053748,0.01845482577231463,1.8091889495892504,0.5043828901802621,0.23433306614428356,1.531333867711433,0.019181706337054842,1.9616365873258903,0.6211142129484105,1.1629022302882606
UGC06787,71,37.19,276.0,0.006347978450957444,0.001546196303054061,1.987304043098085,0.02168462836778351,-0.060992866909872254,2.1219857338197445,0.03713851508531072,1.9257229698293785,0.7326366095717126,0.9402444115021955
UGC06930,10,16.61,109.0,0.16988800434466886,0.013833350917837802,1.6602239913106622,0.7037801676720286,0.22107911512672979,1.5578417697465405,0.0,2.0,0.9885337076881793,0.6958159460735022
UGC05829,11,6.91,68.6,0.571650127627277,0.010522308372841571,0.8566997447454461,0.9841393048949869,0.523055701648494,0.953888596703012,0.6077509779535656,0.7844980440928688,0.6551158947421502,0.5666477504270435
F567-2,5,9.59,52.2,0.27324887141293475,0.09044199517305096,1.4535022571741305,0.7472771291622444,0.5203023562115595,0.959395287576881,0.1803439692681206,1.6393120614637589,0.7439967440524172,0.7743656669792164
NGC0300,25,11.8,97.0,0.25259817726031586,0.010835372920104707,1.4948036454793683,0.8117770225924625,0.4214203787618118,1.1571592424763764,0.11215763253020748,1.775684734939585,1.2567303904480265,0.5876933586876653
F563-V2,10,10.47,118.0,0.39837641369464283,0.06286679480760068,1.2032471726107143,0.7788162293689392,0.9654002310833115,0.06919953783337696,0.045661121436905525,1.908677757126189,0.6263018354498325,0.4573935530189838
UGC02259,8,8.14,90.0,0.164540289877111,0.01605101534608146,1.670919420245778,0.876051356603262,0.2981077868276396,1.4037844263447208,0.15652350563491568,1.6869529887301686,0.9511441635697689,0.5141440336571041
NGC1090,24,30.09,176.0,0.0,0.00827707024198855,2.0,-0.1274317640468905,0.36804725952817047,1.263905480943659,-0.06656491908189728,2.1331298381637946,1.0233232406360242,0.9291623704882098
UGC08550,11,5.36,57.8,0.18481842897354003,0.009042381921439881,1.6303631420529199,0.70924131202923,0.18481842897354003,1.6303631420529199,0.19684770631273038,1.6063045873745392,2.0145961796822593,0.5223369266773054
UGC04278,25,6.69,92.8,0.6501636830755974,0.009972076690790883,0.6996726338488053,0.9732453019816493,0.4584836568093817,1.0830326863812365,0.7832361861101835,0.43352762777963294,0.582613836069286,0.5897775458437354
NGC3953,8,15.68,224.0,0.07344729851109777,0.021382064396064517,1.8531054029778045,0.5335175136193555,0.22254062243859363,1.5549187551228127,-0.06547675650011481,2.1309535130002297,1.091074219138042,1.081090446604583
NGC4088,12,21.48,182.0,0.046076914595754775,0.02984776060127466,1.9078461708084904,0.18172785621706877,0.34802904846294047,1.303941903074119,0.0,2.0,1.5100368544831695,1.256087051689113
DDO168,10,4.12,55.0,0.5898780033627599,0.02415212948119199,0.8202439932744803,0.9646970458023152,0.6540867413149287,0.6918265173701426,0.06407184720142105,1.871856305597158,0.7031641555170646,0.617221279270808
NGC5907,19,50.33,235.0,-0.05750345799281175,0.005589555890476912,2.1150069159856235,-0.23120822614889613,0.0,2.0,-0.036257869943255285,2.0725157398865104,1.8695389745116826,0.8352334437194606
ESO116-G012,15,9.86,112.0,0.39463855884978866,0.020263202726856392,1.2107228823004226,0.9322714656177338,0.5606155923055836,0.8787688153888329,0.10162674658599266,1.7967465068280146,0.864548811759312,0.668604681299279
CamB,9,1.79,20.1,0.978887895035777,0.010933908322022094,0.042224209928446,0.9985678276927387,1.0060591556923102,-0.012118311384620384,0.8858948926795506,0.22821021464089886,0.6523251772061718,1.3147599082019792
F579-V1,14,15.16,114.0,0.12397576944968652,0.004914447581439345,1.7520484611006268,0.49737099511237004,0.19746763660792446,1.6050647267841511,0.06348208528703989,1.8730358294259202,0.5810578901487446,0.6206875056727899
NGC2683,11,34.62,212.0,-0.1836823994251346,0.021534702437244316,2.3673647988502693,0.4837932490874065,-0.08406426478847355,2.168128529576947,-0.3175377582165438,2.6350755164330875,2.2130053743508267,0.9012911120372811
DDO064,14,2.98,46.9,0.6395593552151241,0.026055022445888473,0.7208812895697518,0.967337265816372,0.638958264722741,0.722083470554518,0.10345460429768734,1.7930907914046252,0.44544800811688084,0.5935226702814854
KK98-251,15,3.13,34.6,0.9143212137174117,0.011494534652783597,0.17135757256517659,0.975663027327162,0.9569464944589989,0.08610701108200214,0.583583365853533,0.832833268292934,0.37252015273937295,0.6890957336805963
NGC4051,7,12.19,161.0,0.13437990174489808,0.0453074412541198,1.7312401965102038,0.700167220458447,0.3334123169487033,1.3331753661025934,-0.08724960947688326,2.1744992189537666,0.6094918492340012,1.1914710929633185
UGC12506,31,49.99,255.0,0.026244954965320696,0.007850013651645525,1.9475100900693587,0.16886560682869212,0.1634556480998161,1.6730887038003677,-0.16652885048917698,2.3330577009783537,0.7908004518759965,0.6587089255185028
UGC06917,11,10.47,111.0,0.2597259896350592,0.01855101800157441,1.4805480207298816,0.8861398226039173,0.45103660647211474,1.0979267870557705,0.19376621892747306,1.612467562145054,0.900568092212361,0.6977229580824371
NGC3109,25,6.45,67.3,0.5919226751008069,0.011957290611778556,0.8161546497983863,0.929685972468245,0.8505255297735376,0.29894894045292486,0.46932449336543414,1.0613510132691317,0.6074246618971446,0.4087694041239746
UGC07261,7,6.67,76.1,0.161260140315185,0.007665969629434966,1.67747971936963,0.811745018665094,0.2144789383993757,1.5710421232012486,0.14014210190192342,1.7197157961961531,1.1930555168241674,0.6830866870364244
NGC0055,21,13.5,87.4,0.37314683114392544,0.01631032229146664,1.2537063377121491,0.8987247532599334,0.5866371324134099,0.8267257351731803,0.04999404695922241,1.9000119060815552,0.6309675922667577,0.7301529960550157
NGC5585,24,10.96,92.3,0.3766456464878337,0.008412637779059217,1.2467087070243326,0.9566325476854033,0.4149099333065761,1.1701801333868478,0.17351544858461126,1.6529691028307774,0.6631194790778647,0.780974333710262
UGC11557,12,10.56,85.0,0.7240360343549149,0.03912706693275066,0.5519279312901701,0.8676016853231844,0.9718028427075536,0.05639431458489286,0.1942497047032638,1.6115005905934723,0.6477232053832266,1.3349542053025738
NGC4157,17,29.61,201.0,-0.01728455293864225,0.009800842283622943,2.0345691058772846,-0.18547279838132602,0.007485480294914281,1.9850290394101715,0.02727815097993598,1.945443698040128,2.0843155485129525,1.0362881874647671
UGC05918,8,4.46,44.5,0.34222546085463523,0.017892385418220566,1.3155490782907295,0.8933528471247482,0.5236717564404494,0.9526564871191012,0.22676265137575038,1.5464746972484993,0.5211681160540972,0.49012324569205984
UGC07608,8,4.78,69.3,0.5271894267465025,0.02653022960091547,0.945621146506995,0.8676559660322037,0.8823803160898293,0.2352393678203415,0.4721362359852178,1.0557275280295644,0.6877248995375795,0.42423931574607554
UGC05999,5,16.22,100.0,0.27858437054916757,0.04664021724217667,1.442831258901665,0.6754385486532486,0.6201133940135661,0.7597732119728677,0.20816167101564534,1.5836766579687094,1.1721842270527325,0.590857524810348
NGC6503,31,23.5,121.0,0.0,0.0021021301679393085,2.0,-0.05070274607352099,0.025066210605343392,1.9498675787893132,-0.02445084709225228,2.0489016941845044,1.9148555865221797,0.7103746186067202
UGC06446,17,10.22,84.9,0.20931964189354146,0.00872094876437777,1.581360716212917,0.7890502735033128,0.28188030586157115,1.4362393882768578,0.06157099325741511,1.8768580134851698,1.1832355904275418,0.49894648999112007
NGC4085,7,6.2,136.0,0.45144331980484964,0.07696604277975692,1.0971133603903007,0.8645601598886824,0.7705427259265794,0.4589145481468413,0.12621754736118607,1.7475649052776279,0.9515773176748678,1.27349087009741
NGC6674,15,72.41,291.0,-0.0764324004425858,0.011154036896657725,2.1528648008851716,-0.6623811905428192,-0.11761068971788455,2.235221379435769,0.03558665184904802,1.928826696301904,1.7305819748480455,0.7175325456054046
UGC00731,12,10.91,74.0,0.32073140353974877,0.008401747164951968,1.3585371929205023,0.942652213741304,0.3612975096960666,1.2774049806078667,0.09973495022614035,1.8005300995477194,0.8624395100141091,0.419928517001227
NGC4013,36,31.01,198.0,-0.06520275275987789,0.006300885669748631,2.130405505519756,0.34884924099241665,-0.1558761662288867,2.3117523324577736,0.1512114402292796,1.6975771195414409,3.5423117825442505,0.8790509115062909
NGC5005,18,11.47,265.0,0.06044769981954821,0.003713272399978018,1.8791046003609035,0.865618038397285,0.10104480948359337,1.7979103810328132,0.022921318510796977,1.9541573629784061,0.749827314070436,1.2110244564134824
UGC05253,73,53.29,248.0,0.0,0.0004988991865497119,2.0,-0.1962862250078281,0.025071122562883116,1.9498577548742337,-0.020012631989644723,2.0400252639792895,0.6958554272716797,1.0509598948686778
F565-V2,7,8.8,83.1,0.6005564903962136,0.05463430056014359,0.7988870192075728,0.9492374428698492,0.8534842520141748,0.29303149597165046,0.35425846620957785,1.2914830675808444,0.9482118897987264,0.42012508356933104
NGC1003,36,30.24,115.0,0.17811948194790456,0.004221767010077614,1.6437610361041908,0.8336460209728933,0.17961094540543462,1.6407781091891307,0.14617486221581105,1.707650275568378,2.043820591719411,0.5793757117206105
UGC06983,17,15.68,113.0,0.1316554404635581,0.007993007681696272,1.7366891190728837,0.6125918322636985,0.18629252598264234,1.6274149480347153,-0.009307029143053711,2.0186140582861074,1.1926242430505614,0.5994491551747332
UGC06818,8,6.98,74.4,0.6562048052804499,0.03561822469524671,0.6875903894391002,0.935573675308338,0.5887155286185213,0.8225689427629574,0.2815518461669082,1.4368963076661836,1.0665956749115346,0.771609703601963
NGC7814,18,19.53,265.0,-0.058015972961379676,0.0021687541062523487,2.1160319459227592,0.9549162235847225,-0.04460049773991047,2.0892009954798207,0.0,2.0,1.0987759610741181,0.8946339930383331
NGC3521,41,17.74,220.0,0.030646295214272687,0.003441150689827259,1.9387074095714547,0.20688359906003695,0.13104649056322765,1.7379070188735448,-0.05092940582376014,2.1018588116475203,1.0922166591669018,1.2115545347578094
UGCA444,36,2.62,38.3,0.52087692229206,0.005500195325029992,0.9582461554158801,0.9756793777798316,0.6158311109501179,0.7683377780997642,0.4368733488772185,1.126253302245563,0.5172668793494779,0.495216348689096
UGC07323,10,5.82,85.6,0.5768129618613492,0.010103571281436463,0.8463740762773015,0.9955304896372212,0.5478662689359832,0.9042674621280336,0.38539209649960027,1.2292158070007995,0.5452231673668263,0.8683718630162637
UGC00191,9,9.98,83.85,0.38494973420697043,0.052109695936121886,1.2301005315860591,0.8600220342920262,0.7110516300900389,0.5778967398199222,0.13257166572520834,1.7348566685495834,0.8615742113414978,0.6376120309647386
UGC02487,17,80.38,383.0,-0.06923744840084145,0.007591664231980119,2.138474896801683,0.6196301229273682,-0.0028656067960406623,2.0057312135920813,-0.07638020009574867,2.1527604001914975,1.9094902129168942,0.7127203570322058
NGC0891,18,17.11,234.0,-0.023229827494535248,0.006414615993988238,2.0464596549890706,-0.1904088916817155,0.03289926231689834,1.9342014753662033,-0.1560050354292943,2.3120100708585887,1.2691377818160607,1.2255570149906803
UGCA281,7,1.08,29.5,0.5144794764578682,0.054509557260941435,0.9710410470842636,0.9485265993876658,0.7037708480576681,0.5924583038846638,0.21668892945864976,1.5666221410827004,0.591743742013061,0.7224188690867366
UGC07151,11,5.5,76.2,0.20735982666451366,0.011955042699699792,1.5852803466709726,0.5850202350745628,0.49544414089237804,1.009111718215244,0.2058629492843093,1.5882741014313815,0.7311754998838048,0.7741666113799084
UGC04305,22,5.52,37.3,0.13646933013622647,0.02448616422350532,1.727061339727547,0.22331785250670322,0.7113647072146586,0.5772705855706828,0.13646933013622647,1.727061339727547,0.7676746010343869,1.0934029795203783
UGC11820,10,15.82,84.45,0.3748120030873893,0.018407947407503247,1.2503759938252212,0.9331381801029723,0.9006894925371023,0.19862101492579542,0.3167249145187848,1.3665501709624304,0.9082447515309333,0.5412857223779355
NGC2841,50,63.64,323.0,-0.04117531511385283,0.0021797217119585758,2.0823506302277055,0.5104077258217024,0.0682991716200703,1.8634016567598595,-0.05520204727251354,2.110404094545027,2.1455850144183444,0.7557414748901895
NGC4217,19,16.72,191.0,0.07866583505193332,0.015551798244338352,1.8426683298961333,0.19425196442017234,0.2599523943016187,1.4800952113967627,-0.1505899280153507,2.3011798560307013,1.140994245672094,1.2290207023782895
D631-7,16,7.19,58.5,0.56141863649254,0.011023655808080632,0.87716272701492,0.9234937223458273,0.6168200960498584,0.7663598079002831,0.274494768047964,1.451010463904072,1.6369195104908179,0.5499282814915222
NGC2955,24,35.43,276.0,0.03662340929919837,0.006834944201172404,1.9267531814016032,0.25655266515589004,0.10883709004764482,1.7823258199047103,-0.07210738561760062,2.1442147712352013,0.8293539362761984,1.1229029462501547
DDO154,12,5.92,48.2,0.4204845650474335,0.02609055108591755,1.159030869905133,0.9123502133237953,0.6188361383599086,0.7623277232801828,0.07378544811499341,1.8524291037700131,1.9637765582507252,0.46032335888327675
NGC3877,13,11.35,171.0,0.22140335027424285,0.024990624746600635,1.5571932994515143,0.486735359648256,0.5607461150469685,0.878507769906063,0.05845896601766973,1.8830820679646605,0.5529235509449277,1.1486193338503872
NGC3769,12,37.16,126.0,0.014534946974776006,0.013602812558122764,1.970930106050448,0.11023610103163506,0.18975820560842752,1.620483588783145,-0.018670000439478664,2.0373400008789573,1.5669113434959212,0.8178662900450432
NGC3893,10,19.05,194.0,-0.04004019410204108,0.02189492283925714,2.0800803882040824,-0.6841595542175447,0.14048004743971804,1.7190399051205638,-0.2156798561279697,2.431359712255939,1.5046127008744723,0.9649763109585644
F563-1,17,20.1,112.5,0.24041583554377,0.016393103242464242,1.51916832891246,0.59913582161082,0.6083759111861564,0.7832481776276872,0.16619400841127424,1.6676119831774514,0.9688125209404371,0.3918971727013096
UGC05716,12,12.37,74.7,0.2588351695995784,0.009128815558927096,1.4823296608008432,0.9661951741479712,0.3035515115989237,1.3928969768021526,0.04010078495864224,1.9197984300827156,1.7648547850559715,0.47417542815050334
NGC6015,44,29.23,166.0,0.07769333967874452,0.004138742431400638,1.844613320642511,0.34411809832395157,0.2527476909546925,1.494504618090615,-0.022112934023813667,2.0442258680476275,1.5260517677134542,0.7652107590981289
UGC05005,11,28.61,100.0,0.4768733303989053,0.02376365583416701,1.0462533392021895,0.9312790152714877,0.638995439009857,0.722009121980286,0.26002030998868536,1.4799593800226294,1.0559652490143259,0.6153152203774909
NGC6946,58,20.4,181.0,-0.02937791522787071,0.004149422032347392,2.0587558304557416,-0.6020201577970006,0.13365243786616451,1.732695124267671,-0.2101697032561316,2.420339406512263,1.0886774394215506,1.0576437539261168
NGC3741,21,7.0,51.6,0.39985154368978265,0.005477591108637817,1.2002969126204346,0.9811338885668313,0.39836933300352606,1.2032613339929479,0.33907724381446896,1.3218455123710622,1.9314462038491607,0.37610818161898424
UGC04483,8,1.21,24.3,0.4920345837736901,0.046037099310632996,1.0159308324526197,0.931173895043832,0.7362911176223326,0.5274177647553349,0.3292665249939023,1.3414669500121954,1.0225071711935565,0.6613793834790473
NGC5985,33,34.72,305.0,0.0263498557076104,0.005361350270960993,1.9473002885847792,0.2171949196008076,0.19222696645422055,1.615546067091559,0.0,2.0,0.9381333228084171,0.7221173693429227
UGC11455,36,41.93,291.0,0.2939404356376316,0.01304734558998076,1.4121191287247368,0.6971300042087856,0.5932151848545237,0.8135696302909525,-0.033686297831771336,2.0673725956635427,0.9860837863909945,1.1010536295746352
UGC03580,47,27.06,131.0,0.18635633671065213,0.002231483929984035,1.6272873265786958,0.9067861010881458,0.15592015928719277,1.6881596814256143,0.15498344377127105,1.690033112457458,1.043756388446756,1.0930737432380662
NGC4214,14,5.63,80.6,0.10508597567068309,0.00957730300576916,1.7898280486586338,0.9204608627527976,0.16242230043270908,1.6751553991345818,0.012242979314915354,1.9755140413701693,1.6053293789815926,0.5946221364543254
UGC05750,11,22.85,78.9,0.7474655790357375,0.035817845549705206,0.505068841928525,0.9093159097610471,0.9981567835512966,0.0036864328974068883,0.4115475935984689,1.1769048128030621,0.36256997339941116,0.6493303209667297
NGC3992,9,46.02,272.0,-0.08618368435266595,0.018274771188980424,2.172367368705332,0.13202504119657432,0.05421143514679475,1.8915771297064106,-0.14414188340003692,2.288283766800074,2.123082458791903,0.8139001500119792
NGC3726,12,32.52,169.0,0.1065165400512508,0.023318924765099024,1.7869669198974985,0.5301261919734255,0.3745816199758452,1.2508367600483097,0.10895817971957064,1.7820836405608587,1.8587248565852368,0.9902071898861632
UGC12732,16,15.4,98.0,0.2916932872026683,0.006541148926368619,1.4166134255946634,0.9466765854085304,0.303716595826951,1.392566808346098,0.34200972542609676,1.3159805491478065,1.3029394445515872,0.5096337068446377
UGC00128,22,53.75,134.0,0.11137715225141173,0.008667390422911626,1.7772456954971765,0.4698816113160582,0.22701650058299389,1.5459669988340123,0.0,2.0,1.3044481367319636,0.47051561508436235
NGC2366,26,6.06,53.7,0.42579426164244155,0.02142453393832801,1.148411476715117,0.8175697268550115,0.7771028618362891,0.44579427632742186,-0.10117274800570238,2.2023454960114046,1.245991346060164,0.6563913406821513
UGC09133,68,108.31,289.0,-0.05810350548656074,0.0016025642325122168,2.1162070109731217,0.68210368893287,0.020594932266358505,1.9588101354672829,-0.1225716442959012,2.2451432885918026,1.2591559687215097,0.9497988798468973
UGC06973,9,7.85,180.0,0.048570262088570626,0.010589379219019332,1.9028594758228587,0.29051619215929037,0.0,2.0,0.13575589240880456,1.7284882151823908,2.1848198590147274,1.3748741487356053
NGC5055,28,54.59,206.0,-0.03039372431319879,0.004902792065030996,2.0607874486263977,-0.2817860571933335,0.10187519140999009,1.7962496171800197,-0.124823260290211,2.249646520580422,1.695399092267324,1.09982448288594
F583-1,25,16.26,86.9,0.5579785700048272,0.015003838952216016,0.8840428599903456,0.8720130012734988,0.8335565630986811,0.3328868738026378,0.3226601830325061,1.3546796339349878,0.5744085340974632,0.4614388094622
D564-8,6,3.07,25.0,0.5035391811984151,0.058621348631400935,0.9929216376031698,0.9316970990795544,0.7654392168865073,0.4691215662269854,0.3239055504143621,1.3521888991712758,1.0170790547322823,0.5317699966449791
NGC2998,13,42.28,214.0,0.0751346727217716,0.013193595928381775,1.8497306545564567,0.5139454033438213,0.24607825006925982,1.5078434998614805,-0.004930587812513021,2.009861175625026,0.894327687076477,0.8565853826374376
NGC4100,24,22.76,195.0,-0.10301641444081994,0.01250692342774203,2.2060328288816398,-0.7823310450656591,0.12482827520539931,1.7503434495892014,-0.27884908135300207,2.557698162706004,2.065224810429037,0.8710016841731685
UGC06923,6,5.16,81.1,0.4052395914639753,0.049817665718116994,1.1895208170720495,0.9455146519375359,0.5228205697157522,0.9543588605684956,0.10347707136604609,1.7930458572679078,0.9179517641248172,0.8654344456665344
UGC07866,7,2.32,33.1,0.43393574038663985,0.024724165067921754,1.1321285192267203,0.9637666610158426,0.5224499348452047,0.9551001303095905,0.44344419328864604,1.113111613422708,0.799179753999876,0.7172249772644923
NGC6195,23,36.43,258.0,0.03142438613270817,0.003710387360333084,1.9371512277345837,0.298677227981769,0.03328736569834294,1.9334252686033142,0.04303000309225652,1.9139399938154869,0.6951825883568715,1.1558619208545786
NGC7331,36,36.31,257.0,-0.025308663039666484,0.001988506918171567,2.050617326079333,0.1488611133385589,-0.03915060500802339,2.078301210016047,0.015335846438894409,1.9693283071222112,1.5252582898596503,1.1384116589241395
UGC06786,45,34.05,229.0,0.06408022698750358,0.0014988666443687016,1.8718395460249928,0.754498786643149,0.11518909258175722,1.7696218148364855,0.0,2.0,0.8190639702878836,0.8493950192514763
NGC4138,7,18.58,195.0,-0.1843245812142948,0.03465109800985535,2.3686491624285897,0.5505939280290674,-0.12764400883133034,2.255288017662661,-0.02977899636006373,2.0595579927201273,2.4157237677803365,0.9280165358678203
NGC0801,13,59.82,238.0,-0.003548270529235898,0.006745858342892251,2.007096541058472,-0.18502302473275245,0.24952426532143376,1.5009514693571324,-0.03438163666052145,2.068763273321043,0.9615833673506693,1.0767918402758925
NGC0100,21,9.62,91.2,0.39081528964268475,0.015539212380674005,1.2183694207146305,0.7840476755192893,0.6485481221184078,0.7029037557631843,0.28779907806593313,1.4244018438681336,0.8166831055552524,0.690005177653346
F568-1,12,13.23,142.0,0.38248924100437465,0.02941242296822994,1.2350215179912507,0.7609583145644855,0.7814141256567295,0.43717174868654096,0.23104132656800594,1.5379173468639882,0.4926822544884281,0.4572629146963772
IC2574,34,10.23,67.5,0.7103974012843994,0.005982851816098852,0.5792051974312011,0.9847067829660056,0.7604057748772746,0.47918845024545087,0.6701654577567443,0.6596690844865114,0.6857562920838683,0.6195695600541344
UGC07125,13,18.68,65.6,0.2510968930801464,0.011826393125132915,1.4978062138397072,0.8408570229018563,0.2951701765598942,1.4096596468802116,0.016267541550267935,1.9674649168994642,1.001939912204216,0.7712482167194206
ESO079-G014,15,16.67,178.0,0.49753381496841387,0.01662577004330508,1.0049323700631723,0.9714247598005947,0.5320722025113309,0.9358555949773382,0.2960208109329201,1.4079583781341598,0.45069908963722166,0.8163540815047935
NGC2976,27,2.27,88.7,0.8592072124710489,0.007360736611326613,0.28158557505790216,0.9864287215307763,0.9166056048494203,0.16678879030115934,0.7181199357220364,0.5637601285559273,0.2942700129103455,1.0401401942273232
PGC51017,6,3.63,20.5,-0.059931676085283915,0.00591224835685898,2.119863352170568,0.8850479712924854,-0.03747879291739499,2.07495758583479,-0.05963871059581992,2.1192774211916396,1.0539287978558052,1.057349542013123
UGC07603,12,4.11,64.0,0.3082871742833375,0.03404950085245878,1.383425651433325,0.8093654904146232,0.6265538822261111,0.7468922355477778,0.12079617443642326,1.7584076511271536,1.3671959617557927,0.5682229287274428
F583-4,12,7.29,69.9,0.38951426435999936,0.013959930331911764,1.2209714712800013,0.9112008091384952,0.4879707617639734,1.024058476472053,0.4138801693456163,1.1722396613087676,0.5064494709548294,0.6579796524348269
F571-8,13,15.55,144.0,0.4838720703251417,0.017079944076448566,1.0322558593497166,0.9301683377614156,0.5685967855877986,0.8628064288244028,0.31498568877366995,1.37002862245266,0.9814533139948846,0.8852723650596562
NGC7793,46,7.87,116.0,0.3742054954274293,0.004945428139944153,1.2515890091451414,0.8073657281397765,0.5522064645766767,0.8955870708466467,0.2032383131068735,1.5935233737862529,0.6804944635094708,0.9668362450090425
NGC3917,17,14.86,138.0,0.25954107987758634,0.026279811053307463,1.4809178402448273,0.5756591259145709,0.622038957289381,0.7559220854212381,0.024830705162490172,1.9503385896750196,0.8674796349953694,0.8023817181849524
UGC03546,30,29.23,262.0,-0.0634447526520859,0.001717674761231803,2.1268895053041716,0.8447194021323752,-0.0894164934710243,2.1788329869420484,-0.040844789112235005,2.08168957822447,1.0009707591369648,1.1886152024380958
UGC02885,19,74.07,305.0,0.0502406621747254,0.004673602978308696,1.899518675650549,-0.16672465325860863,0.016078179072637137,1.9678436418547258,0.09850673188551737,1.8029865362289652,0.9786436624467794,0.8109029697696791
UGC02455,8,4.03,61.0,0.6347903666553365,0.03242898985883989,0.730419266689327,0.9633648760578603,0.47211960534420266,1.0557607893115946,0.9861690638810829,0.027661872237834118,0.9565378815475868,1.8857456842496443
UGC00891,5,7.39,63.75,0.5023320647913864,0.06725083109699702,0.9953358704172273,0.9224671484269062,0.7260002777990839,0.5479994444018321,0.32177366769314764,1.3564526646137047,1.0914650613077148,0.5397292227758476
UGC07399,10,6.13,106.0,0.23738070009444173,0.01174970790786936,1.5252385998111166,0.8629351391191891,0.37376200515708985,1.2524759896858204,0.2409052278130963,1.5181895443738074,0.9706073782143968,0.4478032468329006
UGC08699,41,25.7,202.0,-0.012535097519946813,0.002506229385754133,2.0250701950398935,-0.08582934992231617,-0.02435281860758366,2.0487056372151673,-0.020104164183836558,2.0402083283676733,0.8868072143023057,0.9550195734349971
F563-V1,6,7.87,29.5,0.3025755009892173,0.1325521199164053,1.3948489980215655,0.68888474277588,0.7905428302560888,0.4189143394878223,-0.19054977593924527,2.3810995518784903,0.5008972810299525,1.0066090617178696
UGC07690,7,4.13,60.7,-0.053834031250566704,0.01403857249533696,2.1076680625011335,-0.7911369042726881,0.11249714251888528,1.7750057149622294,-0.09296780592423687,2.185935611848474,1.5684022865385314,0.7920483319255966
UGC12632,15,10.66,73.2,0.25402852548727967,0.0109534656122771,1.4919429490254408,0.7813744260733125,0.47992114362829247,1.0401577127434152,0.17798279317395455,1.6440344136520908,0.7768297568231808,0.5407880453505152
NGC4010,12,10.47,129.0,0.5163291507006307,0.015479424206458347,0.9673416985987386,0.9626250553037141,0.5422819530748397,0.9154360938503205,-0.07500614100721986,2.1500122820144396,0.7485677071350134,0.9157455643963686
UGC08286,17,8.04,84.3,0.14819110403781108,0.008265885446174442,1.7036177919243778,0.44029402677592044,0.2884265059302863,1.4231469881394274,0.0740717834624029,1.851856433075194,1.2404863691217114,0.5153529672516283
NGC4183,23,21.02,115.0,0.10617202683223112,0.011082366663972495,1.7876559463355377,0.548694367636356,0.31480003121506483,1.3703999375698703,0.021723922544461476,1.9565521549110771,1.1770185652293865,0.6902637726794099
UGC02953,115,62.39,319.0,0.03617601684429785,0.0017094272026810333,1.9276479663114043,0.1232298669523858,0.13896707853196233,1.7220658429360753,-0.09766067432178081,2.1953213486435614,1.1254724817461295,0.9920423928769262
UGC07577,9,1.69,17.8,0.7901782667774431,0.012052720182410786,0.41964346644511386,0.9807670320591694,0.7116039776450483,0.5767920447099033,0.8626340025967315,0.274731994806537,0.5435659835101335,1.0762726155433133
NGC2403,73,20.87,136.0,0.1885065217286578,0.0023227460185774517,1.6229869565426844,0.7906996113301806,0.2949590370992569,1.410081925801486,0.08029778223003295,1.8394044355399342,1.3963235045417663,0.7785439525340391
UGC07524,31,10.69,83.8,0.41127534226509793,0.008107142264815492,1.1774493154698042,0.9493212859147897,0.5577460003557485,0.884507999288503,0.2590533751371705,1.481893249725659,0.5109846129886731,0.5982392571917327
ESO444-G084,7,4.44,63.1,0.37839063418404967,0.03353208490049223,1.2432187316319006,0.9176164087359988,0.5667779562255688,0.8664440875488624,0.20686406108591682,1.5862718778281664,1.262517996508575,0.3964788583834716
NGC0024,29,11.27,110.0,0.3684392154319892,0.011271541471427978,1.2631215691360216,0.5920160254342175,0.6200385946940086,0.7599228106119829,0.12029039151666589,1.7594192169666683,0.8918950309817845,0.652375843707989
NGC3198,43,44.08,157.0,0.20677492919624638,0.008900741313151175,1.5864501416075072,0.6706948068547445,0.5345312126475853,0.9309375747048294,-0.011025142255508887,2.022050284511018,1.2639163358253838,0.8346986233415195
IC4202,32,25.9,250.0,0.09347632151973845,0.00776475493375032,1.813047356960523,0.216021003552183,0.33139637361240065,1.3372072527751988,-0.019890991136863594,2.0397819822737273,0.6571410714061409,0.9843454766241361
NGC4559,32,20.97,124.0,0.13810421081658508,0.005522570342944771,1.7237915783668298,0.6551529849487294,0.2553055731570165,1.489388853685967,-0.025679759027825256,2.0513595180556505,1.5317730785039267,0.880646792885102
UGC08490,30,10.15,80.1,0.02998538326341177,0.004018575484976141,1.9400292334731764,0.15261396180080034,0.11976408011739342,1.7604718397652133,-0.06544419935275791,2.130888398705516,1.8346608173269905,0.5121443411512345
F561-1,6,9.66,50.4,0.2722517921633094,0.05970293250910908,1.4554964156733812,0.7171990742003591,0.6041501401912306,0.7916997196175388,0.05966017610199756,1.8806796477960048,0.6240324381955158,1.0461545173716533
NGC1705,14,6.0,73.2,0.0,0.0036851989532685646,2.0,-0.09852022396848303,0.0943561057779688,1.8112877884440624,0.00957702538884824,1.9808459492223036,1.8122911183028794,0.47496965503144134
DDO170,8,12.33,62.2,0.26271360056157933,0.03343587318898243,1.4745727988768413,0.7755184870537658,0.5744080876033698,0.8511838247932604,0.12279702117454488,1.7544059576509103,1.288820164143775,0.5516142076071404
UGC04325,8,5.59,92.7,0.1690444830540446,0.03129824486183906,1.6619110338919107,0.5365297020802069,0.5243374121305673,0.9513251757388654,0.05499929259319156,1.8900014148136168,0.8561482739791251,0.570026729505302
UGC01281,25,4.99,56.9,0.8598216606912603,0.01023781670038,0.28035667861747937,0.9682396195100446,0.9856793188659249,0.028641362268150283,0.45840229677701444,1.083195406445971,0.4499246909682841,0.5619184556837832
UGC11914,65,9.83,305.0,0.0,0.001300752345044864,2.0,-0.11018928333467937,0.08644689069226878,1.8271062186154625,-0.06183575186751336,2.123671503735027,0.5217305298898262,1.0579254212675726
UGC06667,9,7.85,85.7,0.45525726522348187,0.0389983704499098,1.0894854695530363,0.9261707609028081,0.6362113507007334,0.7275772985985332,0.17858319156507996,1.64283361686984,0.3112632011713669,0.3506442762045447
F574-2,5,10.83,40.0,0.6490540378841576,0.03674836659568022,0.7018919242316848,0.9707961043979635,0.7918508127383487,0.41629837452330265,0.5618159199513723,0.8763681600972555,0.5884699363399091,1.2481775415462577
UGC02023,5,3.78,58.8,0.8365542591800168,0.01600769441508538,0.3268914816399664,0.9980558040963057,0.833755622253533,0.3324887554929341,0.8768367669991651,0.24632646600166974,0.6377484204133964,0.8984636165528094
NGC2903,34,24.96,216.0,-0.06560148482224906,0.0038399058354670976,2.131202969644498,-0.48591309413541994,0.2270115276349141,1.5459769447301719,-0.12294437929234542,2.245888758584691,1.5615914148579468,1.0992540290919293
UGC05721,23,6.74,82.6,0.15003384148406765,0.016471687621635017,1.6999323170318648,0.5707521668628048,0.42258054893789043,1.1548389021242191,-0.029250728056494354,2.058501456112989,1.413046908756016,0.5269194921752646
UGC09037,22,27.96,160.0,0.2246390680415825,0.010062505082162753,1.550721863916835,0.7259098541502164,0.3100223246109841,1.3799553507780318,-0.11383050607167883,2.2276610121433578,1.2440555215394533,1.0430541661599704
UGC07559,7,2.53,32.1,0.6347944168266478,0.031665426436638784,0.7304111663467043,0.9795820267827309,0.7362869851288194,0.5274260297423612,0.30905692162618775,1.3818861567476244,0.8736878971042068,0.775200110228273
UGC05764,10,3.62,55.8,0.288699950218096,0.04701905844167411,1.422600099563808,0.7633399673871749,0.5329824093931983,0.9340351812136034,-0.18114854044688772,2.3622970808937755,0.7909899894908755,0.4010895875730721
ESO563-G021,30,42.41,321.0,0.15801704986067552,0.011957843950137107,1.683965900278649,0.3579928903116829,0.7081401432264772,0.5837197135470455,-0.011654354704305854,2.0233087094086115,0.9785249291514294,0.8443041118172295
F571-V1,7,13.59,84.3,0.3099002584006235,0.050483398880197816,1.380199483198753,0.7557656885119584,0.572388768874097,0.8552224622518061,0.13623294690671822,1.7275341061865634,1.0571806641933492,0.551970576472215
UGC09992,5,3.89,34.3,0.1223112626302133,0.01098034397517114,1.7553774747395734,0.9610815383946447,0.14631001927135673,1.7073799614572867,0.0760200043147992,1.8479599913704017,1.0222703728084412,0.8171864127903654
F574-1,14,12.6,99.7,0.222362271140027,0.01485088469382313,1.555275457719946,0.5407043425642017,0.5772680502423952,0.8454638995152095,0.1290873234183477,1.7418253531633046,0.5410346141935389,0.5793888515847297
UGC01230,11,36.54,113.0,0.09060548815743384,0.02935502388909538,1.8187890236851323,0.2308911345358824,0.5921486120039062,0.8157027759921875,-0.05525728498871393,2.1105145699774277,0.9951283164576543,0.5604722587751513
UGC02916,43,38.0,218.0,0.007478354157695114,0.002080341554685514,1.9850432916846097,-0.09691567115459043,0.015613566104757955,1.968772867790484,-0.07012345503924546,2.140246910078491,0.5832214862767431,1.0648112699405903
NGC4068,6,2.33,41.9,0.9108552374339149,0.022609748317215125,0.1782895251321701,0.9965826841463802,0.9699184902968013,0.060163019406397344,0.7069737992113856,0.5860524015772288,0.5652974817069821,0.8950250098659494
NGC2915,30,10.04,86.5,0.13259548367090537,0.012166430157842766,1.7348090326581893,0.3640592887519386,0.4678226399503973,1.0643547200992054,0.11367302794059864,1.7726539441188027,1.9445952140739504,0.4300340505491057
UGC07089,12,9.16,79.1,0.4759565209860574,0.01655012687095141,1.048086958027885,0.9642876529683237,0.5722235430117251,0.8555529139765499,0.3770548858222148,1.2458902283555704,0.7776108345107456,0.8008808948151266
UGC05414,6,4.11,61.4,0.541830444937674,0.04720705545575536,0.9163391101246521,0.9685614859722514,0.7324103714283272,0.5351792571433456,0.41932013997688866,1.1613597200462227,0.6516306171182853,0.7656558642985745
NGC5033,22,44.59,225.0,-0.03787462321390726,0.005053861888414318,2.0757492464278147,-0.012310176210285517,-0.009952701466367831,2.0199054029327357,-0.22739373662251278,2.4547874732450254,1.35910774692665,0.8674027370102465
UGC08837,8,4.2,48.0,0.9488792682076954,0.014399089521157891,0.10224146358460917,0.9944218430444062,0.9614832503592323,0.07703349928153536,0.5867657758051805,0.826468448389639,0.6988109160334096,0.8538779872776818
NGC3949,7,7.07,169.0,0.1542687042580099,0.002467859755008621,1.6914625914839803,0.8513684483500058,0.21285771729666508,1.57428456540667,0.1564304434055886,1.687139113188823,1.3866265959521502,1.1701587175130668
NGC3972,10,8.72,134.0,0.3768489786847855,0.009628906459926574,1.246302042630429,0.8720956270208692,0.4892338312684391,1.0215323374631218,0.3125259460382941,1.3749481079234118,0.7033102731881393,0.8323990325718345
UGC06614,13,64.59,205.0,0.0992145844774598,0.008356408664693187,1.8015708310450804,0.2208319195369558,0.0,2.0,0.097332572367224,1.805334855265552,0.8038882267815544,0.9056386470417838
F568-3,18,17.98,120.0,0.5375205848270596,0.03070201406588244,0.9249588303458809,0.8703702419313787,0.9846590130135966,0.03068197397280681,0.25174390019057785,1.4965121996188442,0.581169906746694,0.607610428651674
DDO161,31,13.37,67.5,0.4518011939047393,0.005286574739467324,1.0963976121905215,0.9740907565224874,0.5350469726023821,0.9299060547952358,0.23517333626912923,1.5296533274617414,1.4108688387679844,0.652135988845819
UGC10310,7,7.74,73.2,0.23389132994119505,0.04033967290116261,1.5322173401176098,0.7186799124405672,0.49309946122629833,1.0138010775474033,0.1047528678400504,1.790494264319899,0.8194269848506877,0.6497339189799488
F568-V1,15,17.63,118.0,0.25507406068063093,0.027337351578872696,1.489851878638738,0.617923994064264,0.5273737449577909,0.9452525100844182,0.0,2.0,0.6284904290666578,0.45139449216559024
UGC03205,48,40.04,237.0,-0.01588404480360523,0.0026853487035434793,2.0317680896072106,-0.23979257539102794,0.1895811982142154,1.6208376035715693,-0.03937383229312762,2.0787476645862553,0.9903666766068718,0.9141040889097155
NGC0247,26,14.54,108.0,0.3621927085484147,0.005461400217356901,1.2756145829031706,0.9621250001912501,0.32700510207490174,1.3459897958501965,0.26536382858323054,1.469272342833539,0.7255800079095323,0.6371023620999633
UGCA442,8,6.33,57.8,0.4656100471743036,0.04469115846478574,1.0687799056513927,0.944005324334331,0.6358054266573182,0.7283891466853636,0.10014388359400281,1.7997122328119943,0.7731109302729013,0.4649364771245864
NGC0289,28,71.12,194.0,-0.019023325780051198,0.004349253438027791,2.0380466515601023,0.06104914640004577,-0.035402456412528226,2.0708049128250563,-0.17331478369620978,2.3466295673924193,1.689008326960702,0.8008672161752928
UGC04499,9,8.18,74.3,0.31151621992644324,0.028654111608758633,1.3769675601471136,0.7943561451263127,0.5192510981236165,0.961497803752767,0.15424517324824052,1.691509653503519,0.8751164697178936,0.6886966522998071
UGC05986,15,9.41,116.0,0.27965472867262897,0.03897711893277125,1.440690542654742,0.7002482901562079,0.6335886173625461,0.7328227652749078,-0.13741669788665228,2.2748333957733045,0.8271516558460258,0.6414181502888733
UGC06399,9,7.85,87.6,0.43863067335705397,0.03726083365126779,1.122738653285892,0.8874273197430188,0.6257094766967467,0.7485810466065066,0.1796671552362068,1.6406656895275864,0.6862614938239132,0.6137901447547061
NGC4389,6,5.32,110.0,0.6871201674886432,0.0193876906904491,0.6257596650227135,0.9820423747645429,0.8186106314710865,0.36277873705782704,0.6958506070633029,0.6082987858733941,0.8305586050125425,1.7703436674486184
