state,alpha_true,alpha_estimated,r_squared
awake,2.0022071768964924,1.8572838153479703,0.9903350079288143
awake,2.19728201214495,2.243493176956866,0.9909552265887248
awake,2.114612601459647,2.0196927897585755,0.9939966537729361
awake,2.1667287330897484,2.030034508722659,0.9909809484817769
awake,2.241473880150025,2.255656018192075,0.987509569003184
awake,2.114018773764953,2.105816231703585,0.9923244678851526
awake,2.3975060399133863,2.432317239138088,0.9883008634311374
awake,2.0071516795728477,2.044899548955747,0.9875538005138446
awake,1.8814713557627945,1.9526064206709055,0.997797566552434
awake,2.0657458811013543,1.9981013238751886,0.9943973278998138
awake,1.907787753033296,1.8209565843801423,0.9915489308029046
awake,2.0306056085110664,2.0079357130771265,0.9879557147281893
awake,2.0882836484830816,2.0069393547424808,0.9925391541177553
awake,2.0777732199752657,2.1369343517859756,0.9958935467759595
awake,1.9122116609289823,1.832337680879501,0.9853431990512826
awake,2.076119743262004,2.0548250817007045,0.9946480938205327
awake,2.0119543520969305,2.098033647828118,0.9960999257854168
awake,2.3794139529570426,2.3695596206546523,0.9912076388565557
awake,1.8988304951016435,1.8052960157130846,0.9938467125535055
awake,2.1357849189213116,2.1190949099545264,0.99222277010324
awake,2.1786345269928047,2.1836352370577754,0.994782820471377
awake,1.9511011476822628,1.9456342647401874,0.9976533678684657
awake,2.1601707391896343,1.9973546755750724,0.9990944705525222
awake,2.0812070065845845,2.0842031574431115,0.9902727779345201
awake,2.167698423711512,2.1452649862115503,0.9938375181385665
awake,2.1395832741525034,2.1860298237122513,0.9905166242069441
awake,2.0179742317207827,2.04195427480822,0.9893476311029652
awake,2.3616743324039833,2.363968118798507,0.9956939625187871
awake,2.1524621722871973,2.312977666124922,0.9926215488600926
awake,2.1656928394469634,2.156749162457505,0.9983673774470011
awake,2.105035147210351,2.1485456033495813,0.9972494597155319
awake,2.0131306744489685,2.0125412090645773,0.990951996957977
awake,1.9102181946002705,1.8613925341600506,0.9893926602568921
awake,1.9643399246503697,2.056837290667216,0.9836630803388624
awake,2.0121073846929285,1.9805695812211592,0.9946638865982961
awake,2.1367915398326414,2.246785255218599,0.992819801460762
awake,2.228468971972318,2.1541835790889063,0.9989919732760977
awake,2.3018812504766575,2.25088869829275,0.9979443334750302
awake,2.2120588241736185,2.2546300407635216,0.987054277897747
awake,2.1195194157147066,2.16042698287527,0.9932201504415206
awake,2.258509564616352,2.150780431178947,0.9871196179410303
awake,2.0120572425671774,2.0912267626112646,0.995104976961748
awake,1.7755981484228207,1.5975961527453326,0.9956962998702115
awake,2.099562727287781,2.054358378624301,0.9851959359502166
awake,1.9637769077088496,2.029221313203445,0.996312066295998
awake,2.191893956600567,2.2451112940001794,0.9980292556704501
awake,2.0708123005440497,2.076306237113275,0.9946702452548765
awake,2.0536134138550906,2.0661040675439217,0.9983081495890614
awake,2.040194732627522,2.089292426518773,0.9962850664518088
awake,2.182128979565343,2.02426022492752,0.9958680364531878
awake,2.1235647975965746,2.0415635050813905,0.9955054535692308
awake,2.3242096510903956,2.3901267986267856,0.9962525076437598
awake,2.44995533431672,2.455722803772102,0.9968116991418714
awake,2.1847870685962096,2.042826823865774,0.9856759800308859
awake,2.1733268834719484,1.993614811121381,0.9977008380865788
awake,1.7920826350244212,1.8453789220351602,0.9984705528256665
awake,1.805496203510172,1.86847079798693,0.9958854319471924
awake,2.0217066651786157,2.0142081703032164,0.994660189903549
awake,2.106453672752269,2.08065867725928,0.9932181274212771
awake,2.1326158621088767,2.163468812621026,0.9976645368569509
awake,2.22404190914142,2.1681711797943857,0.9925490453880567
awake,2.2391468297704953,2.23794786957274,0.9976440745903007
awake,2.1423674646083404,2.1393957829046384,0.9951944889327284
awake,1.9672457051605803,2.000499782455251,0.9899732169114985
awake,2.1850995715479944,2.143514297068515,0.9906465860595299
awake,1.9632326568497038,1.919755915149844,0.9937786178814619
awake,2.0383239906670028,2.0789375523143403,0.9944167764760302
awake,1.6769746766638964,1.6460396310394037,0.9959510628019614
awake,2.5779862367716584,2.5358995111165057,0.9965942224174258
awake,1.931321748057916,1.9444754655790166,0.9975459114638294
awake,2.041366759924142,2.0485455472088065,0.9961616795425638
awake,2.195960626004834,2.2050017343141732,0.9860922787533781
awake,2.047192551595156,2.131554794722217,0.9932804640377881
awake,2.000846717768593,1.9132043756942843,0.9968550383397307
awake,2.066409086353009,2.0587417207701484,0.9952826929933645
awake,2.164626900775462,2.195737618926867,0.9981927238411253
awake,1.9315648265884753,1.833790876529176,0.9889513649206179
awake,2.1679911063199766,2.175800146828263,0.9857030331646217
awake,1.9912628769351757,2.0142470649951703,0.9939554543383801
awake,2.356456204301328,2.2578124230316114,0.9968268081094164
awake,1.6376156737285146,1.6400460575070865,0.9913351162922135
awake,2.415878451654499,2.304300484248361,0.9975214464146382
awake,1.8343414796494228,1.7714752762412227,0.992489297567989
awake,1.9977972590347186,1.9599926738119235,0.9954521274780932
awake,2.1118804393034467,2.045182210043032,0.9907467598280986
awake,2.10828120134885,2.132491801029529,0.9868003283443568
awake,1.9943459513668678,1.9509125931566862,0.9901283789942902
awake,2.1250504382543607,2.163479769508109,0.9936505047545348
awake,2.2363145217186537,2.122437279027195,0.9971268930081941
awake,1.9417468866934224,1.7939972548129273,0.9873875387865835
awake,2.3157293377813124,2.3763552999975914,0.9946815928637761
awake,2.1663453234203014,2.2507010284388844,0.9899783986964841
awake,2.019425360641752,1.886949674200517,0.9905114569934296
awake,2.2927375177312626,2.432063331525715,0.9940190820164134
awake,2.301443449744684,2.3284112094870477,0.9947880183618281
awake,2.3167275430889713,2.3772068841413243,0.98791789925281
awake,2.104925371365196,2.0361726531919904,0.9936862603342271
awake,2.046931390328653,2.0345228352314133,0.992489373048391
awake,2.204428457373937,2.1418034885249617,0.9936797259809383
awake,2.369960743759065,2.4434650952870696,0.9971208607887854
awake,1.9971668142774743,2.112323010911344,0.9938376176369659
awake,1.923495272134364,1.809394457825656,0.9930812295223607
awake,2.241982704213521,2.321894010102439,0.9908762229083151
awake,1.9944545333836157,1.952972165387389,0.9999206842781396
awake,2.3266924686166113,2.2660657415623344,0.9896206213692335
awake,2.089156101042827,2.1369194289227575,0.9941579868554956
awake,2.433048278700732,2.3847625370021834,0.9993841439377643
awake,2.3524332583421748,2.338685930060048,0.9936498312088303
awake,2.1059860041779643,2.1834046108066913,0.993419504303795
awake,2.07941824454337,2.037274520639617,0.9983633554323874
awake,2.4461532341603176,2.4532026015600628,0.9944090875557315
awake,2.222747060447994,2.268831451424145,0.9974000565203568
awake,2.039692604958782,1.967230056627899,0.9766165734234699
awake,2.211955986273806,2.303677646731783,0.9942347016492777
awake,2.1431879431869003,2.187126695712542,0.9983034227654698
awake,2.1431523065513582,2.1039709275778202,0.9938779465102966
awake,2.1344464583351694,2.2484842277969457,0.9925450237212486
awake,2.2352647031910426,2.2477892917835787,0.9976462298272372
awake,2.367303616905221,2.3541081756778084,0.9957160098956418
awake,2.3226651057660344,2.3474307984268528,0.9989291628022725
awake,2.2920528031255705,2.3003554572186875,0.9959864235522536
awake,2.1999813797973946,2.15913475460556,0.9962505764613659
awake,1.7529210756589688,1.8557727068334013,0.991687949623208
awake,2.307365001135815,2.402708482266968,0.9964864303475153
awake,2.085295339308032,2.023556594121006,0.9953028516432676
awake,2.0923586581404896,2.0635144887841164,0.995255566688061
awake,1.998609350279426,1.8908745605324717,0.9864512472509666
awake,1.6632294082924102,1.7313686749278774,0.9880998100159643
awake,2.422235880293646,2.4510927309683654,0.9911062956882002
awake,1.9870216630817301,2.0208178909424523,0.996222879046259
awake,2.191823521043333,2.3872119422675655,0.9911148113588771
awake,2.5103940239075233,2.5155124691471458,0.9952081066677859
awake,1.8856099680493283,1.839098879683023,0.9965299531422601
awake,2.126807268650393,2.1164904250861083,0.995040270538854
awake,2.122208612083622,2.1468206127619585,0.998424858590625
awake,2.2972572089286305,2.3501911029057454,0.9984183104961585
awake,1.959448952813084,2.052676981567395,0.996250427601347
awake,2.162498859082289,2.2283846615131915,0.9967062911652952
awake,2.4720976376268213,2.6225481704579954,0.9928032759321325
awake,1.9134956608980165,1.971055716042627,0.9971900074836787
awake,2.052140562032295,2.062158396891141,0.9877643017534377
awake,2.2109638936045903,2.0603032343537206,0.9961118848936714
awake,2.2836958096822766,2.2591740154525155,0.9937277807416779
awake,2.118730141529322,2.1148394718760044,0.9978248933907498
awake,1.9784013666451992,2.099216472269241,0.9857831176203514
awake,2.2625322784991804,2.346261801046507,0.9971480058252763
awake,1.9515511068733098,2.0072824816278185,0.9928426998701957
awake,2.0349732268194702,2.018842585906769,0.9933683143097428
awake,2.011696245079609,2.049087419952132,0.9934298397281789
awake,1.8763158252914307,1.945090030101744,0.9978638589220337
awake,1.7758416003976094,1.8522450568899862,0.989054004494422
awake,2.270836591722007,2.3586552714051408,0.9917796630677863
awake,2.181548119242091,2.150825966969581,0.9880364748963382
awake,2.421516722781547,2.476215670982471,0.9933146387316205
awake,2.3038937136504765,2.2919680875573993,0.9916238163266257
awake,2.077125048253512,2.0349160818574132,0.9813910618379164
awake,2.208416516089916,2.1837453754623146,0.9972871034610465
awake,2.3910234947752596,2.43053909938553,0.9946823494236643
awake,1.9435837414865373,2.0030277438539095,0.9894831403039345
awake,2.282259840838746,2.231096756060052,0.984509370410401
awake,2.12879906829334,2.1181559867120785,0.9967034362113834
awake,1.8067370829122775,1.7689411198874712,0.9913910400486506
awake,2.1206637607761056,2.130761998996901,0.9962604483811515
awake,2.3061203736225164,2.4306537386650207,0.9973172718432647
awake,2.274448439351601,2.343474207681525,0.9980781067440017
awake,2.2197972310786716,2.220208905586118,0.9927287011956839
awake,2.044395312717573,2.0514896276618035,0.9956091533829536
awake,2.152393915853131,2.1061342450978753,0.9961794056320512
awake,2.2032654779812004,2.241524693133636,0.9952509262432614
awake,1.9433719231703965,1.8981841554386543,0.9959631568942527
awake,1.9952289362680282,2.036784368149564,0.998380435297739
awake,2.156941508462172,2.2270357381919452,0.9901863954344784
awake,2.191009500378016,2.17642604063247,0.9925743184306474
awake,2.0433015381022175,1.9929208127299312,0.9897315534167669
awake,1.9724987617859422,2.1199882503092797,0.9931218884663117
awake,2.121493000782304,2.1271851784939897,0.9931173686900698
awake,1.9703741881239054,1.9858414212005617,0.9982038712748548
awake,2.2237052611179147,2.218344702575456,0.993173677572197
awake,1.6777314465141226,1.695899590521354,0.9846912197236752
awake,1.9067472871193938,1.9582276793071502,0.9920741736682624
awake,2.319630190878538,2.155220604920363,0.9983206610157511
awake,2.258556512874805,2.2796372857468405,0.9954738172311651
awake,2.1064688146429575,2.0245506710892602,0.9968096612952205
awake,1.909511536900868,1.8609581720675088,0.9912889684460292
awake,2.342710272174906,2.297307927160173,0.9954417905293571
awake,2.084171259184357,1.9787913492669866,0.9945204611668889
awake,2.1154447863696917,2.154427093919009,0.9960104391359323
awake,2.317619919946311,2.3747818262307527,0.996310425911403
awake,1.9986647207113177,1.9687831888595217,0.9935422218161889
awake,1.9712286163241037,1.9311347909575083,0.9884647956765008
awake,2.12044669433455,2.108491321735102,0.9931701729531099
awake,1.9856127855754429,2.105035630972398,0.9893662808026862
awake,2.136952192942275,2.257315361436639,0.9978561222918361
awake,2.03786838286087,2.10635018569451,0.9968982499214022
awake,2.085923157566495,2.0813263860966904,0.988632775536927
awake,1.9297481852720897,1.9208479446811237,0.9905806197943378
awake,1.824664428469369,1.7897865206360464,0.9934725286739717
awake,2.216009972410142,2.206820359094398,0.9956073349765842
awake,2.1463736579276196,2.1377045633924316,0.9916535605449592
awake,1.993496236977735,2.0282887699108745,0.9864706296921403
light_anesthesia,1.9759341417947218,1.917324126552399,0.9977227072445468
light_anesthesia,1.8019221456849743,1.8914671491321593,0.9991922894340342
light_anesthesia,1.9423885952779365,1.965700295685921,0.9970528076479515
light_anesthesia,1.983536948963891,1.9010327161686664,0.9967136175079037
light_anesthesia,1.934939810696911,1.8167981953235628,0.995843236829925
light_anesthesia,1.8489571511768341,1.785837226467519,0.9920496842545162
light_anesthesia,1.88490861882481,1.8456465812922058,0.990269128523203
light_anesthesia,1.5476899074453323,1.5544339116483075,0.9775204310350477
light_anesthesia,1.6277125027141892,1.5583270209302087,0.993899999910182
light_anesthesia,1.830647982598248,1.9230343884454928,0.9941186350447916
light_anesthesia,1.7903403689062938,1.9060418767450156,0.9869889494926022
light_anesthesia,1.658277826463742,1.5516270835524713,0.9850131015011734
light_anesthesia,1.8243128538970164,1.882858312935258,0.9906555078763049
light_anesthesia,1.4800223358557785,1.532635893292639,0.9666663392804027
light_anesthesia,1.9497126258905484,2.0277187835487673,0.993608026822968
light_anesthesia,2.074346213438153,2.049533330234023,0.9793705044680991
light_anesthesia,1.6888116948735776,1.7098729012694664,0.9904755532758717
light_anesthesia,1.8941553591827882,1.879818564976093,0.9872699451186475
light_anesthesia,1.8145299048713814,1.6506081094322291,0.9826803881201704
light_anesthesia,1.4402755357123653,1.540223532483128,0.9706488935340047
light_anesthesia,1.8931400093420987,1.953694538048526,0.9932527867896127
light_anesthesia,1.7343266815707523,1.776536219565579,0.9891683924825572
light_anesthesia,1.7391618964878481,1.868220013841432,0.9934949977843216
light_anesthesia,1.6879167251669274,1.677476795125526,0.9948650124347388
light_anesthesia,1.6393868435492247,1.5131962277166842,0.9824087538451369
light_anesthesia,1.7465284547055684,1.808939040772247,0.9897699677740973
light_anesthesia,1.9311360253849863,1.8545217552917066,0.9805856269874217
light_anesthesia,1.7680965398542323,1.8109167047567012,0.9888562212914153
light_anesthesia,1.7488200400960057,1.6259177698922898,0.9877526739940685
light_anesthesia,1.7943160752307967,1.6756690376554995,0.992847709763609
light_anesthesia,1.8813756344496775,1.781782785775452,0.9918542788626162
light_anesthesia,1.816663252695725,1.8893348045821579,0.9914964565075864
light_anesthesia,1.8835421823510756,1.8983942261473727,0.9935096162079631
light_anesthesia,2.0695130198139737,2.0162193920178355,0.9867249763535357
light_anesthesia,1.9313484544842354,1.9231988811754988,0.9927200002539968
light_anesthesia,1.958404555734857,1.982197919216955,0.9978767061420232
light_anesthesia,1.7475451881961874,1.757268713788305,0.9949602165158641
light_anesthesia,1.9502805620311632,1.980445695947037,0.9909274198055629
light_anesthesia,1.877051282368996,1.8835165852682187,0.9970839632467973
light_anesthesia,1.6897572184746934,1.7027193718771196,0.9832749671149101
light_anesthesia,1.5764260701394661,1.5722573201736338,0.9972581121379107
light_anesthesia,1.9651829371091563,1.9455930484144721,0.9946756718887815
light_anesthesia,1.8397885535370604,1.9018013432197014,0.9969638186720429
light_anesthesia,1.8301236434511712,1.7520367300860413,0.9866276971001384
light_anesthesia,1.9103521145639601,1.8881929886316324,0.9983215378324427
light_anesthesia,1.7123259850808403,1.8318127383048288,0.998263895971725
light_anesthesia,1.9282416976584225,1.8836767147288027,0.9976648847121322
light_anesthesia,1.934377632015421,1.9854507069567544,0.9986040687576098
light_anesthesia,1.8899465461087552,1.7426647658399226,0.9920655348984035
light_anesthesia,1.8856924579746446,1.9325371705007346,0.9943124563137793
light_anesthesia,1.7177404818283226,1.8121084438369148,0.9937826814214182
light_anesthesia,1.9935637986925294,2.0551809497443725,0.9797165933635539
light_anesthesia,1.9494582638464515,1.9347236573089162,0.9864757064059618
light_anesthesia,1.7946363533439729,1.8233327933154586,0.9826338527380204
light_anesthesia,1.78718717507504,1.6487799415634472,0.9956715763229154
light_anesthesia,1.7580050800790206,1.7811785962351192,0.9924210147806772
light_anesthesia,1.9131128707557747,1.8760664177987174,0.9940026815797325
light_anesthesia,1.7915240813011188,1.8266731839550676,0.9981332672324051
light_anesthesia,1.8147789037358082,1.838497699372754,0.9895105836500329
light_anesthesia,1.9940983819937501,1.9669440990816602,0.9943561028053121
light_anesthesia,1.6208762015863025,1.7306458891328902,0.9771084960797075
light_anesthesia,1.9277013183259706,1.787334265241431,0.9945573706803383
light_anesthesia,1.9855726463218075,2.0245539745855083,0.9949872520591125
light_anesthesia,1.6879174037269884,1.7266734608336465,0.9874385487405255
light_anesthesia,1.9387239318565106,1.8157860036654754,0.9976468890148832
light_anesthesia,1.902615748640211,1.8995825774682022,0.9924807650250747
light_anesthesia,1.7678246149763672,1.8510431648227168,0.9845888668883481
light_anesthesia,1.8065135113224617,1.783817648313269,0.99579684111642
light_anesthesia,1.8290713512496677,1.8681596205189082,0.9980130760567879
light_anesthesia,1.6560224546675557,1.6149640301714356,0.9825458207643974
light_anesthesia,2.037917119713197,2.0840005887899222,0.9990590530347928
light_anesthesia,1.7447500934941236,1.806881822562824,0.9893522669584847
light_anesthesia,1.5454355785065816,1.5903579397527177,0.9909712678059811
light_anesthesia,1.4376955106882205,1.4011177300181503,0.9818501386102236
light_anesthesia,1.9786049426332508,1.9419750656328612,0.9954913048106745
light_anesthesia,2.0209475366444742,2.093758022808401,0.9875234511835511
light_anesthesia,1.8915659998975274,1.8089500408292776,0.9944565148146027
light_anesthesia,1.7473989909512107,1.8284821046268973,0.9898812278602886
light_anesthesia,1.7912089386326293,1.6993226856369748,0.9967885591765001
light_anesthesia,1.6999260674900512,1.769493550758792,0.9939657594281517
light_anesthesia,1.886434307939344,1.929171942995019,0.9959529802931519
light_anesthesia,2.026156154897005,2.037781316762384,0.9952294911316875
light_anesthesia,1.7487719377492044,1.654525375104314,0.9665133776241177
light_anesthesia,1.8825835399239348,2.014419448221981,0.991649584027911
light_anesthesia,1.6299080496048295,1.606353297530156,0.9913366201878447
light_anesthesia,1.7401004965649682,1.8996245395921045,0.9973525415168919
light_anesthesia,1.8394898231363095,1.8540157397652564,0.9919131597645146
light_anesthesia,1.8696753247821318,1.792901709906531,0.9903573257326278
light_anesthesia,1.8564488936469863,1.7923979981097702,0.9882233465437144
light_anesthesia,1.918596237583151,1.9043294143451852,0.9936419737516671
light_anesthesia,1.82691442819424,1.8362559926968018,0.9940407879892176
light_anesthesia,1.7489970314064816,1.7658216971423402,0.9985213195032302
light_anesthesia,2.138512870825315,2.1701558490618975,0.9932172326066184
light_anesthesia,1.8803481077028712,1.9701900721376786,0.9967464128095496
light_anesthesia,1.872171883614778,1.7692753848626035,0.9906853077588982
light_anesthesia,1.6909665925192932,1.7145057170675704,0.9891591332196463
light_anesthesia,1.9498089855124647,2.00598320351391,0.9820699539201001
light_anesthesia,1.6030739590360912,1.6572511630328834,0.9896170717747189
light_anesthesia,1.6117276399192264,1.6724255512164041,0.9855542114193694
light_anesthesia,1.732136360278644,1.749356422693106,0.9894063169848087
light_anesthesia,1.4353318254042557,1.3931527370118713,0.9928874095258611
light_anesthesia,1.3358566126362916,1.2706808976576855,0.9838183975683197
light_anesthesia,2.0265429976909717,2.1015799439092677,0.9947459951333865
light_anesthesia,1.7302131856246379,1.7263092472566595,0.9946836263497356
light_anesthesia,2.027391771944135,2.126363378169412,0.9978657100382607
light_anesthesia,1.972940126546216,2.006683489599623,0.9943622808441132
light_anesthesia,1.564276621863559,1.675817887788963,0.997052241635643
light_anesthesia,1.676420803406537,1.722123357593487,0.9948710506239264
light_anesthesia,1.582890586191159,1.5317434822720577,0.9698888460710893
light_anesthesia,1.825655923895572,1.8657901997907937,0.9880292542039959
light_anesthesia,1.8469685125789488,1.8665288679355911,0.980823754601756
light_anesthesia,1.8142955098730427,1.7570010337228128,0.9960691920374909
light_anesthesia,2.047745842302882,2.1708495469095235,0.9933304882271496
light_anesthesia,1.8463012941083425,1.8651049246671847,0.9978698888338436
light_anesthesia,1.734922871497114,1.7293254196116534,0.9947568733471109
light_anesthesia,1.9083743654164407,1.9163855966765482,0.9949378034817029
light_anesthesia,1.7767406932952283,1.6757968780364703,0.9939660003414778
light_anesthesia,1.7876785431640703,1.7576558044848494,0.9928083709706786
light_anesthesia,1.703591760917593,1.763254419400472,0.9849467970950024
light_anesthesia,1.7626914863876202,1.6593991118197036,0.9941969943902395
light_anesthesia,1.5677607497653747,1.4971041919836112,0.992626049625295
light_anesthesia,1.711623142545353,1.7550440512916137,0.9870039536526768
light_anesthesia,1.8024931472043622,1.6945860294323716,0.9895436034081001
light_anesthesia,1.8641653416525916,1.8921296214523569,0.9825220357464363
light_anesthesia,1.7753679323937759,1.9552032481429882,0.988212501338564
light_anesthesia,1.7870180758979095,1.6589592710867878,0.9925353414107803
light_anesthesia,1.8581786315123394,1.8767518770881404,0.9867318946817158
light_anesthesia,1.7284536210068913,1.5884839433817977,0.9956369985552549
light_anesthesia,1.7414543776332452,1.8177644042164929,0.9934182054797985
light_anesthesia,1.8909224549637704,1.9445774594380563,0.987008023326857
light_anesthesia,1.685676230546067,1.7675082876486656,0.996112888659729
light_anesthesia,1.6674015151616999,1.7198036714979046,0.9821374038452273
light_anesthesia,1.90746453054861,1.9136864478572617,0.9642778047445322
light_anesthesia,2.0887257543119797,1.994172402072448,0.9781476076595922
light_anesthesia,1.8498519557208006,1.791530268755179,0.9994930978701452
light_anesthesia,1.7930062852177997,1.8286007175165375,0.9899774816489717
light_anesthesia,1.6361820135416405,1.838299406696698,0.9963952139225981
light_anesthesia,1.8606612231107127,2.0301221843803945,0.9891529993317378
light_anesthesia,1.6887269037447363,1.6482952919493017,0.996247218619194
light_anesthesia,1.9851685468147038,2.0285725618803703,0.9910067313531457
light_anesthesia,1.9202407739589558,1.9734722266020477,0.9930277210465841
light_anesthesia,1.510486969601485,1.5287578981125018,0.980935845914876
light_anesthesia,2.101635455312015,2.1742746737900536,0.9967164391569366
light_anesthesia,1.8698076115228763,1.9306626178958388,0.9925427322010457
light_anesthesia,1.875647852334684,1.8164287358353637,0.997282661024984
light_anesthesia,1.929022619380882,1.987016070535159,0.9869941737772263
light_anesthesia,1.979122222201969,1.8570949356962105,0.9930976605405463
light_anesthesia,1.7467723902972276,1.9065311813319652,0.9973349115759629
light_anesthesia,1.9688519898185193,1.978356129663175,0.9933901891410827
light_anesthesia,1.7633400246693736,1.694777761006861,0.9931747239686086
light_anesthesia,1.8477238991114828,1.8047204180696106,0.9924626915350983
light_anesthesia,1.616366248746663,1.5522221701007706,0.9861802976981358
light_anesthesia,1.9190458941495154,1.9338924768636823,0.9925379568972909
light_anesthesia,1.8235348111797771,1.746280859949485,0.983472193267751
light_anesthesia,1.8937934268813104,1.7361679725087502,0.9855886982995865
light_anesthesia,1.5908160730010887,1.6516494021248558,0.9950511943450152
light_anesthesia,1.9484398994385708,1.8595491599718397,0.9955472842836017
light_anesthesia,1.787679500466893,1.7701489351538608,0.9934544782100797
light_anesthesia,2.026432029391895,1.9830817812794614,0.997656418570726
light_anesthesia,1.6794295229854372,1.6382539861245717,0.9868246954453751
light_anesthesia,1.7330318282617427,1.713837051881709,0.9942269630379593
light_anesthesia,1.6191626473464367,1.6515191386364674,0.984586297025222
light_anesthesia,1.75282494099747,1.7523045457068116,0.9890782417145559
light_anesthesia,1.6464398332083272,1.692097681905671,0.9826876298255631
light_anesthesia,1.7204983861830052,1.7739985501352,0.9872334970551849
light_anesthesia,1.7794252633688825,1.7138013776841636,0.9834083588814616
light_anesthesia,2.0887410769780583,2.082990399111241,0.9924733594230704
light_anesthesia,1.8106297495582706,1.681730717429992,0.9555904691774644
light_anesthesia,1.9527936765050717,1.9857638506123625,0.9843754117984683
light_anesthesia,1.633524076609514,1.704299367749908,0.9838206585043894
light_anesthesia,2.0932989324224685,2.1317322212304037,0.9915941847643481
light_anesthesia,1.8094526488348843,1.7883733259438286,0.9916419423994394
light_anesthesia,1.7578059520995646,1.7526600107811565,0.9920534027787237
light_anesthesia,1.7261333831381676,1.696304304762396,0.9929497011514908
light_anesthesia,1.896316163849792,1.8918653612767018,0.9867888822426046
light_anesthesia,1.883971764289614,1.8623328102554375,0.9912674355736163
light_anesthesia,1.978138772702702,2.0412174012756124,0.9981053375571458
light_anesthesia,1.5614713015118553,1.6665263818073583,0.9960153479790059
light_anesthesia,1.977274244091306,1.966585529763083,0.9981316674473782
light_anesthesia,1.739389582462129,1.6087213881296676,0.9945229676239378
light_anesthesia,1.7357096644576935,1.7227630927812805,0.9942767348234237
light_anesthesia,1.6601160917329942,1.5963791618813772,0.9899129535262912
light_anesthesia,1.7238702984711347,1.6668354444542035,0.9860253423406441
light_anesthesia,1.732913234281904,1.7120088570049086,0.9830299141694328
light_anesthesia,1.8438053582596363,1.742685739354137,0.9857435610751268
light_anesthesia,1.4995577379202212,1.4376819299395291,0.9886883802125892
light_anesthesia,1.8411770981239926,1.8668582486442784,0.9965907168731011
light_anesthesia,1.97855421296281,1.9015642833467608,0.9968936211334585
light_anesthesia,1.8514280198672473,1.8806967825317147,0.9929444841307886
light_anesthesia,1.6138051090888565,1.693800159689502,0.9894090476244524
light_anesthesia,1.8026782952223261,1.6420454890895875,0.9910169356877041
light_anesthesia,2.0510615630975138,2.0312972669239526,0.9912393319898442
light_anesthesia,1.8711905884552142,1.8553729982520173,0.9964931674935384
light_anesthesia,1.8067234697898427,1.808135557400831,0.9893146091201824
light_anesthesia,1.567870337658833,1.539305446048925,0.995808746635839
light_anesthesia,1.7551524003942238,1.6458666456875326,0.9830551592413969
light_anesthesia,1.534760473574777,1.5688313976403463,0.9899760048633046
light_anesthesia,1.9003612881744547,1.9863562773859775,0.9975775507052796
light_anesthesia,1.677508045526852,1.6467599853626749,0.983963830850222
light_anesthesia,1.6992929334532572,1.6278662968552713,0.981481657258533
deep_anesthesia,1.4354510894553316,1.4403298928038608,0.9896274452428401
deep_anesthesia,1.381911845959345,1.4764189841360245,0.99582417529901
deep_anesthesia,1.6693707486359801,1.6340220729131913,0.9894474277031211
deep_anesthesia,1.6647092239683947,1.5925769723447256,0.9890957413637438
deep_anesthesia,1.2894953890005243,1.4025358006399968,0.9951743277982177
deep_anesthesia,1.2756342399174831,1.41256866882639,0.9917710712946917
deep_anesthesia,1.3841389382841913,1.4618236729635072,0.9857879984572251
deep_anesthesia,1.3647897823422825,1.2913020622607467,0.9884478883521532
deep_anesthesia,1.4042615622121617,1.5215053748096987,0.9795753908613004
deep_anesthesia,1.3679105263984834,1.4001417244476315,0.9804545807818544
deep_anesthesia,1.4993045580596127,1.4736003089001803,0.9947398065864407
deep_anesthesia,1.4986642853894656,1.4082333900355652,0.9773946008484763
deep_anesthesia,1.4583554580774494,1.5924578938825147,0.9869750341239217
deep_anesthesia,1.5157146441922251,1.5360106316147446,0.9836965721055313
deep_anesthesia,1.7582104465404869,1.7063593596029958,0.9813697011121979
deep_anesthesia,1.506603175386972,1.624220583480672,0.9934219871641763
deep_anesthesia,1.3957822075738167,1.3196749388151288,0.984964759175549
deep_anesthesia,1.5097433358787615,1.355437246184657,0.9823357738590294
deep_anesthesia,1.410527410167757,1.274184795843758,0.9782446038364172
deep_anesthesia,1.5494579999148506,1.5104100409560899,0.9805560103533655
deep_anesthesia,1.8195349993409966,1.8830482353106162,0.9976816765596974
deep_anesthesia,1.4406662526651057,1.4709680020973805,0.9924502123939175
deep_anesthesia,1.4668318188675995,1.4153170304075244,0.9761144278711562
deep_anesthesia,1.4917084075340428,1.5255420763985803,0.9872198311442331
deep_anesthesia,1.4782827046344114,1.4081793469798263,0.9794987183404151
deep_anesthesia,1.465765760951693,1.4029036782730642,0.9969263878994398
deep_anesthesia,2.0456999490593213,2.1828105727163822,0.9937143737608393
deep_anesthesia,1.579909368203141,1.5940048130024103,0.9887203842572754
deep_anesthesia,1.4308692686788662,1.4403562529150942,0.9916218634374335
deep_anesthesia,1.1741581921839892,1.090419627890684,0.968118342334768
deep_anesthesia,1.4703621419192716,1.4109442169959212,0.9871302514081881
deep_anesthesia,1.5014306512194975,1.5669939937869095,0.9793403070543292
deep_anesthesia,1.3343719724774206,1.2284490317286876,0.9842664113897006
deep_anesthesia,1.5283423580635018,1.5107610472169197,0.9890974871466087
deep_anesthesia,1.5578609271747523,1.4691809750805376,0.9880407634178986
deep_anesthesia,1.3123640297557515,1.3008629525992224,0.9771307921635596
deep_anesthesia,1.603551563141768,1.6379284699663352,0.9933025432695137
deep_anesthesia,1.191273895625263,1.1898990234948896,0.9937802225462022
deep_anesthesia,1.6977052209294885,1.78876778578927,0.9945918818563549
deep_anesthesia,1.9201974379626223,1.9428759004077607,0.9936447962727227
deep_anesthesia,1.5069538496188915,1.3905798493230337,0.982742536135949
deep_anesthesia,1.2565001347568268,1.2391122908099672,0.9739813786575486
deep_anesthesia,1.6337125232674254,1.76896644819457,0.9817258801554579
deep_anesthesia,1.4174561441610471,1.6039786954378896,0.9955124261085552
deep_anesthesia,1.5307708457746998,1.6657360939995707,0.9856401033083517
deep_anesthesia,1.4519582257994958,1.2999244482039087,0.9933031460781573
deep_anesthesia,1.4460518786776684,1.3684638663568427,0.9907443296282271
deep_anesthesia,1.9850825183607785,1.9277724323002585,0.9933814773561053
deep_anesthesia,1.349177504041788,1.5361405703933146,0.994371673177432
deep_anesthesia,1.299131947540082,1.3680573180208582,0.9971663260785057
deep_anesthesia,1.3190817572573852,1.3108052525493603,0.9871344807009628
deep_anesthesia,1.5620307652203014,1.6564795305630458,0.9960017850364589
deep_anesthesia,1.456904656767132,1.4410681993633012,0.984721577424206
deep_anesthesia,1.3201104047480652,1.4535440922594254,0.9970744173542399
deep_anesthesia,1.4824383296730292,1.3611571190298055,0.9760230888768613
deep_anesthesia,1.4785306355098073,1.3907933020431327,0.9784370299513082
deep_anesthesia,1.7954745121261722,1.7550330961133893,0.9882591561292663
deep_anesthesia,1.7956367871278003,1.83099945514711,0.9888715262907786
deep_anesthesia,1.2108779598446875,1.2688101209198364,0.9919750819859244
deep_anesthesia,1.7800199623655628,1.9642955296522415,0.9905459433539086
deep_anesthesia,1.512489395332626,1.3706022558466577,0.9872779805492871
deep_anesthesia,1.7955853472319072,1.6678493426227607,0.9828970297615497
deep_anesthesia,1.64959907972544,1.6939477779683543,0.9968699649578574
deep_anesthesia,1.9072085665680225,1.941410431403104,0.9896400932953099
deep_anesthesia,1.4244261092077297,1.3967911550635197,0.9711910640448985
deep_anesthesia,1.3763206294078696,1.2524169021460017,0.9823529565127467
deep_anesthesia,1.7876057443746525,1.746195309056977,0.9958223461305501
deep_anesthesia,1.896654531184152,1.8810406210789394,0.9951781976071079
deep_anesthesia,1.822671785815897,1.8393555373311952,0.9946592216752678
deep_anesthesia,1.538610160591623,1.5391249307837718,0.9780282794712132
deep_anesthesia,1.2057576511441694,1.1884011015543172,0.9953544368555858
deep_anesthesia,1.5170954500696594,1.5521181343915331,0.9957751886523614
deep_anesthesia,1.3272803214536364,1.270669264089586,0.9944212345104891
deep_anesthesia,2.0194874414750448,2.0763260175750142,0.997731055231175
deep_anesthesia,1.5122687328481728,1.5660121605576534,0.9970277312448743
deep_anesthesia,1.8167872881926967,1.8304870428922007,0.9893328449298827
deep_anesthesia,1.5885124858045614,1.5339630252691534,0.9945630177489841
deep_anesthesia,1.6603279433807385,1.6651083143122631,0.9885449456947787
deep_anesthesia,1.6311921104282747,1.6364035295491592,0.9982265095407464
deep_anesthesia,1.2297851083097004,1.2229373042457121,0.9836086345042738
deep_anesthesia,1.5503185614523476,1.6798238287075167,0.9916849334873288
deep_anesthesia,1.4739972053489738,1.4004226178250003,0.9736155408693389
deep_anesthesia,1.7175453502677707,1.670927277611797,0.9943887722527149
deep_anesthesia,1.483972586424038,1.4295541582853202,0.9908979256073283
deep_anesthesia,1.1065810874187691,1.0980434849376712,0.9824832444716788
deep_anesthesia,1.7089052859636282,1.6485589323373468,0.987862325219457
deep_anesthesia,1.4189898094108895,1.535060780135292,0.9921049848003087
deep_anesthesia,1.2183153231587982,1.2078885106761896,0.9761480347305408
deep_anesthesia,1.5993475513551436,1.5775383754380596,0.9760241954537338
deep_anesthesia,1.618621079871548,1.716658022419003,0.986969928089657
deep_anesthesia,1.2415393250143096,1.3652978050617868,0.9800968217978294
deep_anesthesia,1.746260852713737,1.6895136327149551,0.9930385464564211
deep_anesthesia,1.6039658005342052,1.6023959923918378,0.9867408164105217
deep_anesthesia,1.5666004258898079,1.6415745238389912,0.9966112227313336
deep_anesthesia,1.5128097690035405,1.536526845892736,0.9942598170275586
deep_anesthesia,1.6825204628059487,1.716449252464045,0.9867052014307485
deep_anesthesia,1.591167535677628,1.568598373313451,0.9827764276845291
deep_anesthesia,1.2643744209299892,1.2542385390916284,0.984240208570182
deep_anesthesia,1.5345783369575385,1.5932398928820573,0.9823298067737826
deep_anesthesia,1.5690172372030164,1.6330566008607559,0.994332552899474
deep_anesthesia,1.5755279143573282,1.6039496464780758,0.9949488621952038
deep_anesthesia,1.5776548509852868,1.613284471460627,0.9613037241427156
deep_anesthesia,1.392054640369646,1.464844342010444,0.9981374636701692
deep_anesthesia,1.5565656320237407,1.6488916889539134,0.9979448710865099
deep_anesthesia,1.2679326287799697,1.275580628346293,0.9618959507601255
deep_anesthesia,1.4615790638740647,1.4493354815298383,0.9923055651895746
deep_anesthesia,1.389694519979674,1.4222944725161886,0.9907255696605024
deep_anesthesia,1.8916263230603552,1.8687809539250986,0.987222423730679
deep_anesthesia,1.4272430940780259,1.4342700308724743,0.9917570220034937
deep_anesthesia,1.56476785326549,1.636843799453226,0.9923314001778006
deep_anesthesia,1.5110959837530762,1.6711067564581237,0.9886889668195724
deep_anesthesia,1.5515163498420874,1.5151392034680757,0.9815488952300933
deep_anesthesia,1.710662055928374,1.650910671133662,0.993047051399037
deep_anesthesia,1.32277746973047,1.38674157448983,0.9844057917885471
deep_anesthesia,1.4966671733404113,1.4906894564255788,0.9930964113377109
deep_anesthesia,1.6743689139748181,1.6517183249588157,0.9982633335687113
deep_anesthesia,1.4355877207043337,1.410093960391078,0.9921727065618958
deep_anesthesia,1.548519187430692,1.5852806366010512,0.9966177135610651
deep_anesthesia,1.4101429304128383,1.3953923667897674,0.9925297494633002
deep_anesthesia,1.9852171227706106,1.8853487141596637,0.993019673868961
deep_anesthesia,1.6763392853915484,1.711849704718618,0.9928395652120238
deep_anesthesia,1.3354102748275285,1.3913775877678547,0.9891665820864757
deep_anesthesia,1.6464696159301049,1.6702941645141969,0.9932668699370195
deep_anesthesia,1.3691108532897385,1.2938868856521242,0.9615387687593157
deep_anesthesia,1.605414239735623,1.6303677490081845,0.9884606565519684
deep_anesthesia,1.5986508352386064,1.5856936805408248,0.9773034567131457
deep_anesthesia,1.7157699133017927,1.7905791109456402,0.9962318113133192
deep_anesthesia,1.3497953217218952,1.2959801377851259,0.9967628738067057
deep_anesthesia,1.0646440598056304,1.0020417699860074,0.9533237715718607
deep_anesthesia,1.5025802591136612,1.6234500186469947,0.9955343713823108
deep_anesthesia,1.701250159886543,1.5805575396230835,0.9854913568912925
deep_anesthesia,1.5175928554948552,1.5244137146074839,0.9769906878902286
deep_anesthesia,1.4194663577526536,1.4522325096895896,0.9850405003774872
deep_anesthesia,1.3908547918727612,1.4364295386580583,0.9818233434283037
deep_anesthesia,1.2643307750386308,1.3137260108939808,0.965516102968191
deep_anesthesia,1.1301183988243189,1.0856152668956471,0.9805523518748437
deep_anesthesia,1.1915614211625554,1.0786156982006303,0.9942066804229169
deep_anesthesia,1.7322422804823228,1.6331910557350182,0.9972417497179262
deep_anesthesia,1.2330346364823013,1.1499580629446888,0.9858489219376317
deep_anesthesia,1.7082215633049127,1.533703444121623,0.9927896793479257
deep_anesthesia,1.7611553156575042,1.7132776123988902,0.9908089183589519
deep_anesthesia,1.4664736949023272,1.4357124831191557,0.9784313235590718
deep_anesthesia,1.1957134038171384,1.1770449599974129,0.9820892851257448
deep_anesthesia,1.571710891977964,1.565514116302831,0.9905539423628915
deep_anesthesia,1.6220267090175868,1.6452762595584933,0.9953043676911584
deep_anesthesia,1.3649921977161064,1.3591847214680943,0.9937989896488628
deep_anesthesia,1.6587870241821019,1.6413782038872924,0.994924021021892
deep_anesthesia,1.6313012166350453,1.6433605015981496,0.9862961475702883
deep_anesthesia,1.6648173161088526,1.738819557377703,0.9892860974507705
deep_anesthesia,1.590340040195188,1.6002076044014486,0.9842043218245223
deep_anesthesia,1.1425722824831097,1.265885454468239,0.9827990174488532
deep_anesthesia,1.7898584856807653,1.824529075229172,0.9905393442704525
deep_anesthesia,1.3988758828161623,1.441964058747209,0.9787791177242811
deep_anesthesia,1.7829487638719625,1.779975087543166,0.9817345239587355
deep_anesthesia,1.5234082071162527,1.6168079528504475,0.9838848748697941
deep_anesthesia,1.3878885309811264,1.3296137285418137,0.9872578102028718
deep_anesthesia,1.66976109154629,1.676833866446455,0.9858485737042717
deep_anesthesia,1.0565432579492864,1.0866442558722598,0.9842807256515808
deep_anesthesia,1.6562857838931055,1.667648312533342,0.9871980096732881
deep_anesthesia,1.5511119397973607,1.55146971003277,0.9816335344883472
deep_anesthesia,2.1142673403212005,2.269116975504107,0.990410290032777
deep_anesthesia,1.8443928576264352,1.715453765505777,0.9921440693723922
deep_anesthesia,1.507418468387291,1.5650362589460847,0.9924019487982976
deep_anesthesia,1.4394450909748924,1.3217519055371747,0.9815244868562248
deep_anesthesia,1.2329354922488989,1.286399933919928,0.985208748112212
deep_anesthesia,1.5636510493166855,1.6610258143413554,0.9867877250104196
deep_anesthesia,1.7833322616595912,1.691375032100203,0.9903749728234736
deep_anesthesia,2.119339102754411,2.1487396092754407,0.9946697207302712
deep_anesthesia,1.62352413301693,1.6559689018854387,0.9947609956879208
deep_anesthesia,1.7466078266901892,1.8070864824251494,0.9884255162791509
deep_anesthesia,1.3555399624092814,1.3351042212970463,0.9928854086865538
deep_anesthesia,1.208942204819757,1.3163547324170113,0.973306484120246
deep_anesthesia,1.1047567871219377,1.0805074332434907,0.9893988163851503
deep_anesthesia,1.7438862165909546,1.688633286771779,0.9929280528353274
deep_anesthesia,1.5764262551781607,1.6590062970344095,0.9968721790672704
deep_anesthesia,1.7481931197477065,1.6671975563285384,0.9937669278671588
deep_anesthesia,1.5556771390641766,1.4167009007765248,0.9906254981632973
deep_anesthesia,1.5143328279501702,1.4958702012211305,0.9918251660432263
deep_anesthesia,1.0905666229673057,1.0838835033059004,0.9937243704386544
deep_anesthesia,1.434233834682552,1.4093583688718307,0.9886256422219483
deep_anesthesia,1.6793415556737408,1.7004065448577084,0.9863598224826211
deep_anesthesia,1.893931336990219,1.9622217861928426,0.9919380840303702
deep_anesthesia,1.5785814718028783,1.7296045494238468,0.9861656711700998
deep_anesthesia,1.420194413690016,1.3338056508381142,0.9687773540355727
deep_anesthesia,1.4628526473163004,1.5019720486130288,0.9908159313841398
deep_anesthesia,1.7804419179006539,1.7403962325393478,0.9921261438867751
deep_anesthesia,1.5230051132685614,1.3605030970787984,0.9915763748056617
deep_anesthesia,1.3789872618556058,1.3736507519723788,0.9915995298809434
deep_anesthesia,1.0,0.9593697734308156,0.9863860127650927
deep_anesthesia,1.6435862771645329,1.7247187625862976,0.985175993604416
deep_anesthesia,1.3569324861810665,1.457650190326136,0.968481025713506
deep_anesthesia,1.6407591767501637,1.6609188843962686,0.9851602844560411
deep_anesthesia,1.6087613307776236,1.7540060288548123,0.9937249341097005
deep_anesthesia,1.5439740284747892,1.5837409847787174,0.995299693935417
deep_anesthesia,1.7460968712716705,1.8014065706674538,0.991017197401934
deep_anesthesia,1.4246449060524289,1.603749875904538,0.9933248093246846
deep_anesthesia,1.5249557159354823,1.5690755729840988,0.9888891435995218
deep_anesthesia,1.4747716900245365,1.4489072983445705,0.987467264952398
deep_anesthesia,1.7245542480466685,1.7488068085220914,0.9891603625335776
deep_anesthesia,1.7325961760783684,1.6603769491535338,0.9945993224694045
rem_sleep,1.972652794892451,1.8891182674642717,0.9946565748774046
rem_sleep,2.022480829690291,1.9531791990013612,0.995547335820034
rem_sleep,2.174142903611384,2.0749661040146608,0.9909643709925245
rem_sleep,2.001510051278387,1.758043933480401,0.9984364915400099
rem_sleep,2.0294408507661297,1.9217060485138486,0.9973606578506329
rem_sleep,2.303331884445813,2.2179197486377715,0.9836167899186636
rem_sleep,2.2133892796684966,2.0890890384641185,0.990727201927812
rem_sleep,2.026594581972096,2.20411277334783,0.9962089529498203
rem_sleep,2.136333355455393,2.19922457099381,0.9948532182933015
rem_sleep,1.76087259804119,1.7419955380024374,0.9955904701250494
rem_sleep,2.001241174151348,2.0806245639144394,0.9965153698551793
rem_sleep,1.8239273004352363,1.9425175876546616,0.9836873750066387
rem_sleep,1.8867449006134251,1.7956856504677654,0.9937084930749477
rem_sleep,1.901283678592585,2.0354898763825235,0.9990102761861889
rem_sleep,1.9391395247551622,1.8011261680944248,0.9951333509477727
rem_sleep,1.9598240851147533,2.132200936226096,0.9951045908261521
rem_sleep,2.1331434445070596,2.1744371221450427,0.9970331528030817
rem_sleep,2.066756404984128,2.016065552175187,0.995281423506583
rem_sleep,1.6934346947710255,1.6164693853931564,0.9953860585837973
rem_sleep,1.9667902612722359,1.9665392594560116,0.9858941570658231
rem_sleep,1.9012829760362457,1.8852666053036342,0.9972930635212564
rem_sleep,1.8127127466350352,1.8010944677870815,0.9814309687530538
rem_sleep,1.9545370884331978,2.021868789798216,0.9960886162138928
rem_sleep,2.0507891649673793,1.971168269010739,0.9861011981542112
rem_sleep,1.9659858805024784,1.9809717912323628,0.9857811590668503
rem_sleep,1.9075777806661058,1.9739555790656294,0.9984514188722634
rem_sleep,2.1056507901721395,2.206203914028725,0.9936860353127143
rem_sleep,2.2969922552435897,2.2821955588199634,0.9945684601769842
rem_sleep,1.816015913014705,1.7885333018256726,0.9887727861712609
rem_sleep,2.136179095655674,2.187251707811137,0.9969218751234362
rem_sleep,2.1237326056593178,2.1513886566266347,0.9912945902148161
rem_sleep,1.8954452795952708,1.8761633300595444,0.9978472459976312
rem_sleep,2.20946985506836,2.2903674395469396,0.9897629172897758
rem_sleep,2.0546255094713617,2.0761790204652253,0.9973039894040977
rem_sleep,2.0639808935039814,2.041543086174847,0.9883661866646779
rem_sleep,2.1281476008760674,2.114152781651157,0.9948491697343328
rem_sleep,1.892570822958001,1.8888736725266433,0.9934445646374074
rem_sleep,1.8825036864912406,1.8399589353658135,0.992836451025372
rem_sleep,2.1124332556167693,2.3546392410959807,0.9950860196910888
rem_sleep,2.2480452824044788,2.171221036319691,0.9976166368187859
rem_sleep,1.9948742177698509,1.8796173538962204,0.9945683329779655
rem_sleep,1.965218303740815,1.9886845071693289,0.9891627549168454
rem_sleep,1.815219696780038,1.7761560041571056,0.982790657794407
rem_sleep,1.9664496088703125,2.0664568964096985,0.9991084442115525
rem_sleep,2.2039608882555526,2.185900871943333,0.9953285738681837
rem_sleep,2.020902681184839,2.072673129560266,0.9978899855535549
rem_sleep,2.0197284095117234,1.9825067948779485,0.9958365833322613
rem_sleep,1.8794092434909255,1.8454949837494568,0.9913356404599686
rem_sleep,2.0643091989941103,2.087777726204372,0.9975706299531082
rem_sleep,1.9269767191222553,1.9321149396463402,0.9930912380236497
rem_sleep,1.8640238328600844,1.8489998494453745,0.9848924951593983
rem_sleep,1.9585801870278252,2.0572834653143235,0.9981168201823246
rem_sleep,1.7050927380548124,1.6485367754856157,0.9752879825934355
rem_sleep,2.2564558850910994,2.254967604135201,0.9969252371853079
rem_sleep,2.4233000374757596,2.450127338868053,0.9922448414711538
rem_sleep,2.2115468459885967,2.2948502571317917,0.9901745164909035
rem_sleep,2.1916450024711716,2.0685564585039793,0.9980389752640512
rem_sleep,2.0075640146209164,1.777872536402619,0.9924394727928117
rem_sleep,1.8228213589106423,1.8250159197162255,0.9921808044930586
rem_sleep,1.8708893017290344,1.9722874495685396,0.9912016796326566
rem_sleep,1.9024289000811174,1.887895884015605,0.9943431618288218
rem_sleep,1.926316337807433,1.9065135328335867,0.9985312591997112
rem_sleep,2.1270666811159105,2.2083120102225786,0.9966790971268588
rem_sleep,1.9283890652603275,2.0177852817299513,0.9826496729306478
rem_sleep,2.118673047554634,2.2738937974884084,0.9829749397789703
rem_sleep,2.0959142063288825,2.0208613526863672,0.9959505137802338
rem_sleep,2.125581423009302,2.16061703233207,0.9909477509529808
rem_sleep,1.7717836861901772,1.7216457504373568,0.993533594124948
rem_sleep,1.8948404703531219,1.8990165217635786,0.9913388351880122
rem_sleep,1.8902550102219138,1.946542885855318,0.993997497562853
rem_sleep,2.0349931372336068,1.9447330230406308,0.989007547363502
rem_sleep,1.647789740434876,1.6357913121419416,0.9827107207861236
rem_sleep,1.9175683113784934,1.979423121915442,0.991022765967957
rem_sleep,2.2632966605949956,2.2842832333927716,0.9930852736116823
rem_sleep,2.103076621264797,2.1423679989862605,0.9969791128838651
rem_sleep,2.0575482535800185,2.096111572318765,0.99832333259079
rem_sleep,2.157960457639237,2.171620911159507,0.9963393474621579
rem_sleep,2.15396290657019,2.018600709533716,0.9903165881198327
rem_sleep,1.9837123757329416,1.9981782901791731,0.9974959257643334
rem_sleep,1.8715848758844154,1.9584417427617788,0.9893695558040179
rem_sleep,2.0137578424622546,2.0626086519722038,0.9859991381392752
rem_sleep,2.06603720453156,2.226582246678182,0.9929992909935588
rem_sleep,2.2408535161731264,2.458566342276907,0.9926622402747645
rem_sleep,2.015773997277682,1.9981338864344707,0.9969489331781676
rem_sleep,2.1137367164232197,2.306414092054084,0.9907490532366405
rem_sleep,2.0086434144739393,1.9749574372442167,0.9958644214263926
rem_sleep,1.8793598117825874,1.856737828217175,0.9923510421016288
rem_sleep,2.11308680977882,2.0360768588192046,0.9927931804396721
rem_sleep,2.101274660148244,2.2215567962456233,0.9893429407259329
rem_sleep,2.1648609593830948,2.353051885199557,0.9903018976156744
rem_sleep,1.8912988682476544,1.86443667613055,0.9968871509300605
rem_sleep,1.979406339813445,1.939064129853069,0.9925736573278278
rem_sleep,2.028065230583341,2.0446266620245424,0.9878813825941248
rem_sleep,1.86552958433747,1.759318801852915,0.9959403348774657
rem_sleep,1.8848406285847081,1.8603534114117108,0.9912396750906097
rem_sleep,2.1426916083314795,2.1494433268787296,0.9965905371428161
rem_sleep,2.105832284719398,2.1789110913929646,0.9929799268385542
rem_sleep,2.1028337544825777,2.152150496462852,0.9965509226945386
rem_sleep,2.131117112272679,2.043404876097482,0.9912531086786938
rem_sleep,2.0050327395227363,2.1091411786065914,0.9959426429853709
rem_sleep,1.9918473088399697,2.012831887981264,0.9881181202371745
rem_sleep,1.9589011290255436,1.9778020393698876,0.9979993226057683
rem_sleep,2.0695167407174093,2.0287594625824346,0.9974617491930493
rem_sleep,2.0916659143169034,2.178431560541459,0.9956121083642536
rem_sleep,2.192823042456348,2.206722022685201,0.9929694239518543
rem_sleep,1.99433873056871,2.1310687394329904,0.9910989708079289
rem_sleep,1.8871566767357797,1.916150909167884,0.9962678029995315
rem_sleep,1.9225909735204478,1.7607397820499653,0.9831019231034894
rem_sleep,2.0981962989236758,2.1805990167826517,0.9962009909921651
rem_sleep,1.8744340509879633,1.8327022088988725,0.9929983643267846
rem_sleep,2.0806048137402238,2.0718540676069086,0.9885325287945258
rem_sleep,1.8230723815039231,1.8386868655149264,0.9863967481424163
rem_sleep,1.892295037674159,1.927495586970003,0.9986685107105234
rem_sleep,1.7269010760201045,1.533258769629126,0.9801428525141982
rem_sleep,2.0209522947927847,1.9362211200001445,0.992196189605175
rem_sleep,2.2268352365998396,2.283091943475641,0.9875799137614508
rem_sleep,1.890142588160738,1.8692390728487436,0.9978856193998376
rem_sleep,2.0664129981963657,2.058528653358556,0.995687301928176
rem_sleep,1.9353350015711461,1.8901932954761664,0.9870643631566096
rem_sleep,1.8986432704761962,1.8964114039555913,0.9958813248257657
rem_sleep,2.107222503272011,2.212380235056204,0.9964127492626923
rem_sleep,2.192316258713977,2.142545362257554,0.9922872003212231
rem_sleep,1.8479309388545415,1.917942500349712,0.9987113084558197
rem_sleep,2.002222401489576,1.9254511353527943,0.9991913613285955
rem_sleep,2.116364807792409,2.090849215983385,0.9947586416526344
rem_sleep,1.760776121764877,1.761213366027379,0.9750396705189098
rem_sleep,1.837286534876178,1.7548551965840546,0.9908516131417922
rem_sleep,1.9620277249935583,1.84474459764079,0.9901305972546893
rem_sleep,2.089726190448585,2.07076977234974,0.9861059882539805
rem_sleep,1.834506088576306,1.9049507927349796,0.9856774176468804
rem_sleep,1.8060550981394707,1.8374422353770177,0.9933164452526977
rem_sleep,2.1042901250378354,2.033970587355039,0.9949327894396932
rem_sleep,2.166405735418893,2.1632947130693063,0.9942864361061097
rem_sleep,2.141188459500338,2.1778742455482463,0.9971749801483939
rem_sleep,1.9222346552183744,1.923729491722683,0.9945177786708984
rem_sleep,1.9643279176777368,2.033322763109371,0.9953460693722536
rem_sleep,2.1888567506095855,2.1867522932370287,0.994085339996098
rem_sleep,1.8743926873475638,1.9150492254180276,0.9889665472404502
rem_sleep,1.9257679012731022,1.8590139094030007,0.9902216598342707
rem_sleep,1.8811586068742794,1.67405920753776,0.9831607211785243
rem_sleep,1.8901576384354697,1.7721064753917795,0.9870611110683987
rem_sleep,1.6770485842033818,1.7176125027415283,0.9977810975147993
rem_sleep,1.7186286360728553,1.8012830231210462,0.9863876143509436
rem_sleep,2.08496982261643,2.1723088720703623,0.9853924137215277
rem_sleep,1.8193536601190736,1.7408944298512072,0.9868887183173486
rem_sleep,1.9948530003875287,1.9215531569179212,0.9920013550282812
rem_sleep,2.121589245972289,2.1827350389552023,0.996474963263337
rem_sleep,1.9200722688709724,1.9162164559859696,0.9942255772223888
rem_sleep,1.7091800135927633,1.8016345424143185,0.9888973664699622
rem_sleep,1.858093997262267,1.839336157968271,0.9888255399060488
rem_sleep,1.958775143291416,1.8361093022353787,0.9991880456396093
rem_sleep,2.0445750720837363,1.9763301118870358,0.9888488582060951
rem_sleep,2.0887867859366884,2.0397001525073013,0.994598680465172
rem_sleep,2.0084368006359767,2.0739931117627135,0.9989435906837403
rem_sleep,1.8919755644480272,1.9833692226191246,0.999130359106473
rem_sleep,2.0357836297312706,2.0605687266955335,0.9981974311698188
rem_sleep,1.8983956656917347,1.9074757526988602,0.9975303591449873
rem_sleep,2.0392106753820816,1.9583461844312753,0.9933624519567106
rem_sleep,2.1119474783838688,2.1417973205428216,0.9917656814231026
rem_sleep,2.0183832735426157,2.0162981803165962,0.9934205065239563
rem_sleep,2.0780841193765807,2.1192411647422422,0.9964260710792808
rem_sleep,2.147783025921365,2.0905142012952704,0.990416708944462
rem_sleep,2.0405695263095835,1.9952949806120936,0.9995749980298579
rem_sleep,2.2875889301756107,2.154894403713002,0.9971751144387735
rem_sleep,1.9497443161972472,2.019206835986097,0.9940201680775311
rem_sleep,1.8683455229725159,1.8914125879200403,0.998292706780857
rem_sleep,2.011861078694392,1.862078940115069,0.9717470087653057
rem_sleep,2.159156278877537,2.0770333101500986,0.9933096392023865
rem_sleep,2.0147656435886874,1.9711086024583717,0.994505201899996
rem_sleep,1.9886971638110664,1.9732218722436814,0.9894403042601464
rem_sleep,2.021772304425553,2.078708295424957,0.9958743741660805
rem_sleep,2.026949905830738,1.9647437108475012,0.993865418241526
rem_sleep,2.1842172940671394,2.1837009752223,0.9957115930900703
rem_sleep,1.8870103682394288,1.738945677913842,0.9906570891082721
rem_sleep,2.0864534026420714,2.0784429311265926,0.9879007596990884
rem_sleep,2.122652946958183,2.093756233352122,0.9923612495363984
rem_sleep,2.2931993815193734,2.2792548482500634,0.9974995677143224
rem_sleep,1.9869958769621934,1.9749173162980038,0.9931486394751367
rem_sleep,1.8928080781813554,1.81459133889022,0.9951255950494983
rem_sleep,2.1006308291752895,2.3398628138844404,0.9975462127577862
rem_sleep,2.1630373426683502,2.2376038934938958,0.9867506390827856
rem_sleep,1.777689008677636,1.8820295576284303,0.9922139248235325
rem_sleep,1.7388980845268924,1.804054341959747,0.9961326101535734
rem_sleep,1.6658300663995127,1.6500162274638686,0.9928217120577678
rem_sleep,1.8267455239387973,1.9736108601789037,0.9949286741967736
rem_sleep,1.9513891724297328,2.015157287524182,0.9891480789174181
rem_sleep,1.9227703006394328,1.8279092487440924,0.9929147053738225
rem_sleep,2.1348562299255684,2.053979271482423,0.9962475367736172
rem_sleep,2.0261773492318693,2.0699264124301093,0.9985707802776838
rem_sleep,1.7814042846521696,1.79950431239776,0.9817743646659973
rem_sleep,2.081237439799912,2.0017939511535925,0.9976785867490223
rem_sleep,2.1075754961919935,2.2570352648012535,0.9977247847233344
rem_sleep,1.9000165653150431,1.8369120252608893,0.988607939019306
rem_sleep,2.0459684480974354,2.020500813235541,0.9885674066698807
rem_sleep,1.9229005582507492,1.9076528692765697,0.9874345078849355
rem_sleep,1.8291415000790434,1.786164338023918,0.9944173102791611
rem_sleep,1.9306826054300217,1.8738256575929846,0.9812152817268174
rem_sleep,2.230300057495777,2.324126837763629,0.9962392478576864
rem_sleep,1.9508588710861832,1.8949392213451806,0.9866131564142018
rem_sleep,1.9836719178900948,2.004606748426321,0.996159879776511
nrem_sleep,1.9331821280985353,1.9357969566606723,0.9981214520975265
nrem_sleep,1.935307230881328,2.036692410810473,0.9982488854230567
nrem_sleep,1.5431756716774208,1.4990090833882919,0.9877742642316004
nrem_sleep,2.04958964090258,2.0698694998406544,0.9943959320294269
nrem_sleep,1.8374450347333227,1.8422573264953999,0.9868652987343621
nrem_sleep,1.5855517692328558,1.6060318464636607,0.9877677728644452
nrem_sleep,1.5849091342189987,1.5412176292221043,0.9873557903196922
nrem_sleep,1.8303996756420184,1.849708833610114,0.995216793062564
nrem_sleep,1.6177105733660264,1.6150617480357325,0.9882519716717678
nrem_sleep,1.7740186395173734,1.8488344018623968,0.9825534791764148
nrem_sleep,1.8599887199050027,1.8586316040224389,0.9839434985622038
nrem_sleep,1.3877712356426046,1.2142367890031829,0.9734669072337677
nrem_sleep,1.7813732126619002,1.7828810647615132,0.9960406767078769
nrem_sleep,1.6461047069397308,1.74120793417354,0.9863296970108131
nrem_sleep,1.5414048586455975,1.5209459451607197,0.9945698856999643
nrem_sleep,1.3971325396475285,1.4064659352124351,0.9993596097253032
nrem_sleep,1.2485392200649392,1.2059922337738647,0.9732759279356441
nrem_sleep,2.143185466292273,2.189673675076003,0.9924305964159528
nrem_sleep,1.5574338953139257,1.6132264370468672,0.9927995854622617
nrem_sleep,1.7775863920110577,1.949520511893333,0.9987954698150706
nrem_sleep,1.5821590469580231,1.6272808061086679,0.9934975388269301
nrem_sleep,1.8906920113800794,1.8869085775971075,0.9946665100889871
nrem_sleep,1.8908002260171302,1.836745893558697,0.9923839983509178
nrem_sleep,1.8210378106785654,1.9904053817273928,0.9904375612270659
nrem_sleep,1.6605244260034522,1.7622321091965898,0.9947213987366793
nrem_sleep,1.7165241569562077,1.8173203628034929,0.9912985863124253
nrem_sleep,1.5566984945299764,1.606957516422803,0.9938130406500502
nrem_sleep,1.7621058569741024,1.8895309318402902,0.9969002004104464
nrem_sleep,1.7352050023585956,1.5150855840462043,0.9920550163965213
nrem_sleep,1.9492006339111052,1.9977827716271694,0.995214710150296
nrem_sleep,1.5167365566910749,1.48872044538458,0.9964128533764514
nrem_sleep,1.3170668029948973,1.19141579177287,0.996333269983626
nrem_sleep,1.3425864025862273,1.402062013246485,0.9770597900934723
nrem_sleep,1.3953677211680202,1.3642625498774836,0.9956033592670646
nrem_sleep,1.7186097061388086,1.7536075064845535,0.9962315676895899
nrem_sleep,1.462769910785024,1.465420478211237,0.9719776880087665
nrem_sleep,2.1057034631911997,2.0569459320102683,0.9929201386668948
nrem_sleep,1.7114407891795744,1.6229994010866244,0.997862494164007
nrem_sleep,1.6239608934390475,1.6309728606084029,0.9961659883486698
nrem_sleep,1.6666076399626606,1.5515955348874808,0.9950526068052472
nrem_sleep,1.9893708147424563,1.860424404665601,0.9958031535740666
nrem_sleep,1.4737693875307478,1.474065470153409,0.9877995515805713
nrem_sleep,1.644009070774694,1.5353796721339394,0.9902101890029777
nrem_sleep,1.9636399381054972,1.9857854326130784,0.9945156924277624
nrem_sleep,1.7456600784509377,1.6224798558266373,0.9935247636485396
nrem_sleep,1.9538756365903907,1.9104602588361308,0.9925627692239845
nrem_sleep,1.5000060944054687,1.596330235953763,0.9666248298556653
nrem_sleep,1.3131812541305188,1.2461450672837224,0.9740102274962603
nrem_sleep,1.3548257805797175,1.3748323862815426,0.9990134865886229
nrem_sleep,1.7335362810034494,1.7202253356038752,0.9985953466219867
nrem_sleep,1.657045061269562,1.6487339737471636,0.9957052575218168
nrem_sleep,1.6873012433766799,1.6659449540164704,0.9851424131493538
nrem_sleep,1.5893916358105848,1.6506155818934691,0.9925858671778588
nrem_sleep,1.5998290677544609,1.5551640513847755,0.990078240790205
nrem_sleep,1.623659949228018,1.5779052102992714,0.9745176550861672
nrem_sleep,1.6162908168192884,1.5640698197521892,0.9926517521937032
nrem_sleep,1.3106834919914812,1.2431535599778938,0.9921707268418155
nrem_sleep,1.5509032637801383,1.5183981365624108,0.9866584303878906
nrem_sleep,1.6411479759442846,1.4736337353852564,0.9918823166009578
nrem_sleep,1.3628090043943968,1.34869435725,0.9951630316441306
nrem_sleep,1.7444193382110191,1.6782872058472416,0.9797361992371902
nrem_sleep,1.1766062084987277,1.1750544235890283,0.991148009382238
nrem_sleep,1.5436248414195461,1.5465847059716722,0.9931699527939665
nrem_sleep,1.824950935341921,1.994781506380773,0.9953394825748902
nrem_sleep,1.8026638902866294,1.846728426793542,0.9919914556416332
nrem_sleep,1.4651391663037325,1.3927166379039,0.9913377267517558
nrem_sleep,1.626908536562162,1.6592791066903652,0.992528206873552
nrem_sleep,1.6318158393752409,1.5893590170225687,0.9602469447938422
nrem_sleep,1.5174020077457904,1.5900994494111511,0.9918398212165833
nrem_sleep,1.0,0.9973777240489751,0.9741567815595759
nrem_sleep,1.873026050366563,1.6720749918866145,0.9861361179108795
nrem_sleep,1.8407189901325034,1.884519840648486,0.9950466332734812
nrem_sleep,1.5183555512499622,1.643963934108504,0.9934511594699323
nrem_sleep,1.5910471851548933,1.6100674966713393,0.988640765451647
nrem_sleep,1.503278410782672,1.5859352839127336,0.991524016902974
nrem_sleep,1.6742487463640758,1.7247303201705477,0.9878203215668143
nrem_sleep,1.717828337241574,1.8185318570241886,0.9895411062805994
nrem_sleep,1.9079187239249518,1.897084356284122,0.9916095417603162
nrem_sleep,1.8522590895945839,1.8225843164137254,0.9892462318944844
nrem_sleep,1.5450196074262001,1.5250823783862808,0.9768108336999429
nrem_sleep,1.511613831876472,1.4569167749598548,0.9925267833904344
nrem_sleep,1.7429923291012193,1.6715773866276422,0.9956987642943842
nrem_sleep,1.4229217352253536,1.2370762890513913,0.9462070703803361
nrem_sleep,1.7931732674328151,1.7160900850207135,0.9951275176783488
nrem_sleep,1.4737717382244475,1.5341529751269143,0.9931041606075749
nrem_sleep,1.8425183965691603,1.771503866581705,0.9970352586230203
nrem_sleep,2.057316471334416,2.0692804049185316,0.995864202021946
nrem_sleep,1.9254733157562303,1.9165563980632883,0.9899302905880006
nrem_sleep,1.3519834648846762,1.461364457618475,0.9804011570126894
nrem_sleep,1.5327544611438,1.5393337039309463,0.9777777168954124
nrem_sleep,2.092655583602261,2.0716197541675623,0.9917046018287592
nrem_sleep,1.6334323243150797,1.6543072235632656,0.9915957155041426
nrem_sleep,1.8286135653973545,1.6847371301846406,0.9886911072878849
nrem_sleep,1.4872801491282426,1.359255307619732,0.9780619674247483
nrem_sleep,1.360458646384329,1.4101363346003768,0.9604493638776416
nrem_sleep,1.7400823919858932,1.7492351826898382,0.9900931107562032
nrem_sleep,1.6773465311743019,1.6844030227240225,0.9928049303297616
nrem_sleep,1.9154382445603573,1.9463742799033446,0.98569682112253
nrem_sleep,2.00893778943251,2.054379513954137,0.9970016830475097
nrem_sleep,1.38631810988839,1.3533868373465443,0.9742675762802392
nrem_sleep,1.2680834465606194,1.2935583815756038,0.9848830911455533
nrem_sleep,1.9003158765365393,1.930882317805321,0.996365912835209
nrem_sleep,1.7113024412939588,1.894976070142048,0.9875230102822896
nrem_sleep,1.865438500853558,1.859207004359744,0.9893713673598759
nrem_sleep,1.5661373938031047,1.5676791184411054,0.9924913242873812
nrem_sleep,1.6848622007053153,1.683111728709551,0.9857256224478251
nrem_sleep,1.656046760543467,1.8528885463181848,0.9900273554794872
nrem_sleep,1.5207365404605167,1.604390383083427,0.9962405430448036
nrem_sleep,1.5819209686568272,1.6783154224566115,0.9974406156466868
nrem_sleep,1.6235110560600854,1.555850801632969,0.9975833968528085
nrem_sleep,1.3569319233110064,1.360872271954009,0.9989174591501879
nrem_sleep,1.4780918357315773,1.5295685923024693,0.9863755588229552
nrem_sleep,1.6845408833153905,1.731298112361458,0.9853429437085411
nrem_sleep,1.7846917751454443,1.7397821734522763,0.9864373590328706
nrem_sleep,1.6079672704887984,1.6390968317323518,0.9857019963566825
nrem_sleep,1.9425060765382889,1.87963931096544,0.998157833310623
nrem_sleep,1.5338729440494587,1.4798423326339034,0.9773030750701368
nrem_sleep,1.6227728302266051,1.4992395216467147,0.9905994364196311
nrem_sleep,1.4900238668973307,1.6539558015683375,0.9931882861011266
nrem_sleep,1.650842104175157,1.7581436727844153,0.993163546026571
nrem_sleep,1.6802867520321436,1.5427217271100464,0.9787173591931684
nrem_sleep,1.5100370112684052,1.4983026073094292,0.9948651797671316
nrem_sleep,1.854869240397165,1.9099748962112506,0.9976214639403401
nrem_sleep,2.1123218750601267,2.0971360406658226,0.993609779553893
nrem_sleep,1.8571130135554819,1.9446403489465243,0.9936692039469783
nrem_sleep,1.718674069959095,1.6534604546267997,0.9872293085674694
nrem_sleep,1.55034711471175,1.5454859577200826,0.9865183750804397
nrem_sleep,1.5850042811662663,1.4672902560906371,0.9826836241447965
nrem_sleep,1.5506201905694803,1.4333847082942583,0.9872169531751904
nrem_sleep,1.470160780790396,1.5040013234280198,0.9905336050260303
nrem_sleep,1.11814376319052,1.0139082190407092,0.9908211361416195
nrem_sleep,1.5857695625739687,1.5115388882775511,0.9857585613988851
nrem_sleep,1.7793740929793556,1.7013273394397745,0.9820697098530536
nrem_sleep,1.5174713212343944,1.5586636154760465,0.9897492320935617
nrem_sleep,1.9665238087468102,1.9833766680853908,0.9934000383776947
nrem_sleep,1.417380162989789,1.5533657489860464,0.9885683807494948
nrem_sleep,1.7593048832107026,1.8287473753829484,0.9907742578336987
nrem_sleep,2.1192802647986797,2.0454693446437866,0.9934794328551234
nrem_sleep,1.442134540224385,1.5082681653510526,0.9894197519293111
nrem_sleep,1.4219605604487762,1.4866513314456609,0.9886847423048201
nrem_sleep,1.4447876338215213,1.4773188955012655,0.9844740272444492
nrem_sleep,1.5866908593580515,1.5825876954029103,0.9914846841641389
nrem_sleep,1.535765996712561,1.5906619357934806,0.98482144375396
nrem_sleep,1.3950296857975393,1.4174577974613176,0.9834734066899432
nrem_sleep,1.636937857665521,1.5912101025750676,0.9899742512715832
nrem_sleep,1.6905197048952147,1.7673655660834748,0.9881646408126141
nrem_sleep,1.753927493653718,1.720141756300499,0.9914757854896502
nrem_sleep,1.7767431801450388,1.8893925415794306,0.9883895836803233
nrem_sleep,1.8896964704767798,1.968494543044314,0.9992850391304007
nrem_sleep,1.1895763897861897,1.128000780797231,0.9833435586692376
nrem_sleep,1.430150288486697,1.4888242592559437,0.9849353438217402
nrem_sleep,1.586658413534817,1.6059272571023242,0.9903535749701621
nrem_sleep,1.9116676734108655,1.9555619392992165,0.9948908240363402
nrem_sleep,1.9607503771459271,1.8363599545168392,0.9801893473990769
nrem_sleep,1.3951425553898151,1.4167561471183703,0.9805789262491741
nrem_sleep,1.7381762022788951,1.7261793285370939,0.999263078377311
nrem_sleep,1.622316429532005,1.652487032036552,0.9979067218733935
nrem_sleep,1.5392707030898416,1.5254444442885,0.9960297121318888
nrem_sleep,2.054238719916151,2.0407022155533747,0.9954662487912898
nrem_sleep,1.2059487370320772,1.281095294007595,0.9816323418867233
nrem_sleep,1.6213667332728934,1.6434269602706257,0.981284178724596
nrem_sleep,1.8992117849840462,1.9045420424330963,0.993848601658963
nrem_sleep,1.879640956931298,1.8561469093524037,0.9919818807769714
nrem_sleep,1.5484664301580586,1.5834528517263522,0.9918023095664483
nrem_sleep,1.5359030628717845,1.596608402340051,0.987787404914099
nrem_sleep,1.592000223130608,1.5136576348654316,0.9830636952163359
nrem_sleep,1.7682640321147687,1.8536214007614835,0.9898138590275258
nrem_sleep,1.9020858798446516,1.8749567673361984,0.9880224361817923
nrem_sleep,1.884450302596968,1.9465739374618554,0.9977665336774308
nrem_sleep,1.6216681604595584,1.729503049249281,0.983501641122829
nrem_sleep,1.8844252619178765,1.9222931405439847,0.9918191129970043
nrem_sleep,1.3745919621125882,1.462099176237946,0.98410399775926
nrem_sleep,1.5360204161175788,1.5916038874698366,0.9967549185482955
nrem_sleep,1.8008931657870237,1.9093667203388025,0.9950320446181368
nrem_sleep,1.6638339586071966,1.6854114041342139,0.9859856974371118
nrem_sleep,1.9030397775905898,1.9154724969640582,0.9928848097638726
nrem_sleep,1.4885823880524836,1.591059338412048,0.9925984447981455
nrem_sleep,1.1400921310526637,1.1526005383455717,0.9776886000409745
nrem_sleep,1.502760583123465,1.4496259282183406,0.9907002744872462
nrem_sleep,1.577960418303013,1.4246165067963146,0.9919982834623774
nrem_sleep,1.3122815598745186,1.16621222838294,0.9967810900896611
nrem_sleep,1.603265341655015,1.4927915183518965,0.9794292642867195
nrem_sleep,1.6007680351362956,1.626391137237134,0.9945955840527739
nrem_sleep,1.7878379197396297,1.9021967558371824,0.9944102946060652
nrem_sleep,1.968439582807636,2.0544455459184254,0.99025317501385
nrem_sleep,1.8464877661457815,1.8429274514861613,0.9954991797122384
nrem_sleep,1.3837301117249572,1.4299494347184194,0.990648674732278
nrem_sleep,1.2532848643770704,1.2651950487430565,0.9807146371751893
nrem_sleep,1.4320393911666132,1.3263077949793711,0.9576647337114664
nrem_sleep,1.0802945822696786,1.1556624516365022,0.9935411374170777
nrem_sleep,1.569411386278099,1.5967632815604864,0.9950993441075556
nrem_sleep,1.4635827172885285,1.547209163239049,0.9899903695144877
nrem_sleep,1.642817919272314,1.799402036164329,0.9982524481886283
nrem_sleep,1.971039603041905,1.9031276052486579,0.9913885744771006
nrem_sleep,1.8042383810659477,1.7247438264623038,0.9938076725558345
nrem_sleep,1.644403201465841,1.6847592911400255,0.9925617637359101
nrem_sleep,1.8092620165707072,1.8681571446688652,0.9954987072030478
nrem_sleep,1.5986220032150222,1.6864584783826448,0.9904103276632626
nrem_sleep,1.1823982566416897,1.1472530915507466,0.9914677725130608
nrem_sleep,1.9453507459697854,2.0278424344811214,0.9844186954893246
