z,alpha,mu,g_normalized,warp_factor
0.01,2.0,100.0,1.0,10000.0
0.03002004008016032,103.41984766404721,33.31108144192256,51.709923832023605,1109.6281468303976
0.050040080160320646,1103.734001389069,19.983980776932317,551.8670006945345,399.35948769280037
0.07006012024048096,5268.596728226881,14.273455377574372,2634.2983641134406,203.73152841560676
0.09008016032064128,16935.31878439793,11.101223581757509,8467.659392198964,123.23716501216902
0.11010020040080161,43023.58872016435,9.082635602475428,21511.794360082175,82.49426948735417
0.13012024048096194,93494.37963266374,7.685199445556753,46747.18981633187,59.06229051798583
0.15014028056112227,181772.96492515766,6.660437800320341,90886.48246257883,44.361431691936055
0.1701603206412826,325144.96704882267,5.876810740784359,162572.48352441133,34.53690448299841
0.1901803607214429,545131.073963017,5.258166491043203,272565.5369815085,27.648314847529587
0.21020040080160324,867844.2676615963,4.757364858423109,433922.13383079815,22.632520396159133
0.23022044088176355,1324332.3358356357,4.343662952646239,662166.1679178178,18.867407846191448
0.25024048096192386,1950907.7563724793,3.9961560022423317,975453.8781862396,15.969262794257414
0.2702605210420842,2789466.5789895426,3.7001334717484795,1394733.2894947713,13.690987708753456
0.29028056112224454,3887797.5791406534,3.4449430445288223,1943898.7895703267,11.86763258004751
0.3103006012024048,5299882.746835553,3.2226814776543526,2649941.3734177765,10.385675906416441
0.33032064128256516,7086189.945798707,3.027361523994418,3543094.9728993536,9.164917796961806
0.3503406813627255,9313958.50364894,2.8543644891888795,4656979.25182447,8.147396637142494
0.3703607214428858,12057478.335191838,2.700070342513933,6028739.167595919,7.290379854523307
0.3903807615230461,15398363.112104254,2.561601642710472,7699181.556052127,6.561802975936988
0.41040080160320647,19425817.951100573,2.4366424141803797,9712908.975550286,5.937226254582789
0.43042084168336675,24236902.012308653,2.323307570537294,12118451.006154327,5.397758067315904
0.4504408817635271,29936786.37192361,2.220047159318414,14968393.185961805,4.92860938959776
0.47046092184368743,36639007.48966848,2.1255750553757027,18319503.74483424,4.5180693160354215
0.4904809619238477,44465716.34910003,2.038815117466803,22232858.174550015,4.156767083211173
0.510501002004008,53547924.07764269,1.958860014132056,26773962.038821343,3.8371325549654385
0.5305210420841684,64025743.538272925,1.8849393721905336,32012871.769136462,3.552996436834043
0.5505410821643287,76048627.53575532,1.8163948747815957,38024313.76787766,3.2992903411328487
0.5705611222444891,89775603.89788848,1.7526606020160862,44887801.94894424,3.0718191858593897
0.5905811623246493,105375507.21504356,1.6932473702069901,52687753.60752178,2.8670866567128876
0.6106012024048096,123027207.68566106,1.6377301519577274,61513603.84283053,2.682160050631481
0.63062124248497,142919837.23115516,1.5857378924621837,71459918.61557758,2.514564663590408
0.6506412825651303,165253012.763939,1.5369452059013766,82626506.3819695,2.362200565943225
0.6706613226452907,190237057.00500715,1.4910655590748818,95118528.50250357,2.22327650145929
0.690681362725451,218093216.78890935,1.4478456405048599,109046608.39445467,2.096256998728928
0.7107014028056113,249053878.38114062,1.4070606812542295,124526939.19057031,1.9798197607316164
0.7307214428857716,283362782.3674241,1.3685105449359625,141681391.18371204,1.872821111600925
0.7507414829659319,321275233.8015235,1.3320164433292403,160637616.90076175,1.7742678052994791
0.7707615230460922,363058312.5451156,1.2974181638542939,181529156.2725578,1.6832938918990474
0.7907815631262526,408991079.96969694,1.264571718195641,204495539.98484847,1.599141630460276
0.8108016032064129,459364784.58508825,1.2333473392817418,229682392.29254413,1.5211456593133519
0.8308216432865733,514483065.71138734,1.20362776786145,257241532.85569367,1.4487198035671365
0.8508416833667335,574662154.6446092,1.1753067809784017,287331077.3223046,1.3813460294138127
0.8708617234468938,640231075.331719,1.1482879234167893,320115537.6658595,1.3185651550648423
0.8908817635270542,711531841.7165536,1.1224834101900798,355765920.8582768,1.2599690061519508
0.9109018036072145,788919655.2136143,1.097813173758085,394459827.6068072,1.2051937644767992
0.9309218436873749,872763098.889144,1.0742040341850903,436381549.444572,1.1539143070595226
0.9509418837675352,963444331.5424076,1.051588974121217,481722165.7712038,1.1058393704933136
0.9709619238476954,1061359279.2150455,1.0299065034777404,530679639.6075227,1.0607074059057449
0.9909819639278558,1166917826.244158,1.0091001011122345,583458913.122079,1.0182830140647219
1.011002004008016,1280544003.8234482,0.9891177228488176,640272001.9117241,0.9783538696536304
1.0310220440881765,1402676176.6747155,0.9699113668169801,701338088.3373578,0.9407280594807825
1.0510420841683368,1533767230.6580262,0.9514366884664518,766883615.3290131,0.905231772160008
1.071062124248497,1674284759.7381432,0.9336526587583729,837142379.8690716,0.8717072872065786
1.0910821643286575,1824711245.8860216,0.9165212599871428,912355622.9430108,0.8400112200084199
1.1111022044088177,1985544242.7346587,0.9000072144866892,992772121.3673294,0.8100129861280894
1.1311222444889781,2157296559.8186913,0.8840777421469446,1078648279.9093456,0.7815934541596394
1.1511422845691384,2340496439.43711,0.8687023432331743,1170248219.718555,0.7546437611388078
1.1711623246492986,2535687735.666044,0.8538526034804332,1267843867.833022,0.7290642684703139
1.191182364729459,2743430094.795537,0.8395020188425302,1371715047.3977685,0.7047636396406839
1.2112024048096193,2964299130.803937,0.8256258376214034,1482149565.4019685,0.681658023748044
1.2312224448897797,3198886599.797454,0.8122009179986327,1599443299.898727,0.6596703311978217
1.25124248496994,3447800576.1488276,0.799205599244038,1723900288.0744138,0.6387295898630219
1.2712625250501004,3711665627.0992417,0.7866195850936376,1855832813.5496209,0.6187703716528866
1.2912825651302606,3991122983.0194144,0.774423837976255,1995561491.5097072,0.5997322808258729
1.3113026052104209,4286830709.9468355,0.7626004829293639,2143415354.9734178,0.581559496564099
1.3313226452905813,4599463882.181682,0.7511327201842457,2299731941.090841,0.5642003633313843
1.3513426853707415,4929714749.78837,0.7400047455214142,2464857374.894185,0.547607023394213
1.371362725450902,5278292907.658281,0.7292016776022562,2639146453.8291407,0.5317350866179448
1.3913827655310622,5645925465.199984,0.7187094915742473,2822962732.599992,0.5165433332789131
1.4114028056112227,6033357212.316192,0.7085149583268255,3016678606.158096,0.5019934461728633
1.431422845691383,6441350784.9981365,0.6986055888447107,3220675392.4990683,0.48804976876506495
1.4514428857715431,6870686832.567439,0.6889695831664987,3435343416.2837195,0.47467908652861895
1.4714629258517036,7322164182.061053,0.6795957835099283,3661082091.0305266,0.46185042896447337
1.4914829659318638,7796599999.334631,0.6704736311723211,3898299999.6673155,0.4495348900973976
1.5115030060120243,8294829952.564749,0.661593126856173,4147414976.2823744,0.43770546550332823
1.5315230460921845,8817708373.779383,0.6529447941064862,4408854186.889691,0.42633690415076164
1.5515430861723447,9366108426.936815,0.6445196455787761,4683054213.468408,0.4154055735369911
1.5715631262525052,9940922265.748327,0.6363091518853368,4970461132.874164,0.40488933677303657
1.5915831663326654,10543061188.005005,0.6283052127927474,5271530594.002502,0.39476744042253964
1.6116032064128258,11173455797.231724,0.6205001305661597,5586727898.615862,0.3850204120326213
1.631623246492986,11833056160.684526,0.6128865852759832,5916528080.342263,0.37562996641125496
1.6516432865731465,12522831973.930943,0.6054576119004573,6261415986.965471,0.3665789198082048
1.6716633266533067,13243772713.11318,0.598206579073559,6621886356.55659,0.35785111124689023
1.691683366733467,13996887788.1357,0.5911271693419415,6998443894.06785,0.3494313303342164
1.7117034068136274,14783206700.10253,0.5842133608073617,7391603350.051265,0.34130525094583264
1.7317234468937877,15603779196.159672,0.5774594100424705,7801889598.079836,0.33345937024659805
1.751743486973948,16459675430.576542,0.5708598361780991,8229837715.288271,0.32588095256128613
1.7717635270541083,17351986112.461193,0.5644094060693805,8675993056.230597,0.3185579776595909
1.7917835671342688,18281822657.51016,0.5581031204563247,9140911328.75508,0.3114790930630869
1.811803607214429,19250317341.70072,0.5519362010419316,9625158670.85036,0.3046335700205996
1.8318236472945892,20258623453.260567,0.545904078417644,10129311726.630283,0.2980112628330172
1.8518436873747497,21307915449.635883,0.5400023807720193,10653957724.817942,0.29160257123944894
1.87186372745491,22399389102.06071,0.5342269233239835,11199694551.030355,0.2853984056042093
1.8918837675350704,23534261645.592083,0.52857369842699,11767130822.796041,0.27939015466878653
1.9119038076152306,24713771929.29886,0.5230388662949143,12356885964.64943,0.2735696556550692
1.9319238476953908,25939180565.601807,0.5176187463045756,12969590282.800903,0.2679291665259206
1.9519438877755513,27211770083.663887,0.5123098088334941,13605885041.831944,0.26246134022701123
1.9719639278557115,28532845071.067535,0.5071086675948415,14266422535.533768,0.25715920074981546
1.991983967935872,29903732321.87378,0.5020120724346075,14951866160.93689,0.2520161208700897
2.012004008016032,31325780983.748,0.49701690255879044,15662890491.874,0.2470258014291342
2.032024048096192,32800362704.874138,0.49212016016094995,16400181352.437069,0.24218225203683902
2.052044088176353,34328871783.77424,0.48731896442278577,17164435891.88712,0.23747977308609636
2.072064128256513,35912725308.71792,0.4826105458625092,17956362654.35896,0.23291293897770907
2.0920841683366733,37553363303.652084,0.4779922410077111,18776681651.826042,0.22847658246357377
2.1121042084168336,39252248872.53408,0.47346148737119764,19626124436.26704,0.22416578002374674
2.132124248496994,41010868344.94952,0.4690158187098776,20505434172.47476,0.21997583820009675
2.1521442885771545,42830731423.80877,0.4646528605482717,21415365711.904385,0.21590228081569163
2.1721643286573147,44713371318.10154,0.46037032594957145,22356685659.05077,0.21194083701491465
2.192184368737475,46660344888.39975,0.45616601151842034,23330172444.199875,0.2080874300646236
2.212204408817635,48673232788.608284,0.4520377936207412,24336616394.304142,0.20433816686150783
2.2322244488977954,50753639606.79427,0.44798362480698106,25376819803.397137,0.20068932809520199
2.252244488977956,52903194005.46511,0.4440015304261169,26451597002.732555,0.197137359020734
2.2722645290581163,55123548864.08162,0.4400896054186584,27561774432.04081,0.19367886079755042
2.2922845691382765,57416381440.54334,0.4362460112777025,28708190720.27167,0.19031058235570536
2.3123046092184367,59783393480.72413,0.43246897316785693,29891696740.362064,0.18702941275286056
2.332324649298597,62226311362.256294,0.42875677719254535,31113155681.128147,0.18383237398853797
2.3523446893787576,64746886236.680534,0.4251077678008553,32373443118.340267,0.1807166142446259
2.372364729458918,67346894167.264336,0.4215203453256857,33673447083.632168,0.17767940152348533
2.392384769539078,70028136266.31825,0.41799296364550176,35014068133.15913,0.17471811765714976
2.4124048096192383,72792438832.42842,0.4145241279625184,36396219416.21421,0.17183025266308635
2.432424849699399,75641653505.72876,0.4111123926906029,37820826752.86438,0.16901339942379248
2.452444889779559,78577657388.2282,0.407756359446628,39288828694.1141,0.16626524866916773
2.4724649298597194,81602353173.1523,0.40445467513941125,40801176586.57615,0.16358358424212668
2.4924849699398797,84717669287.31519,0.4012060301507538,42358834643.65759,0.16096627862932755
2.51250501002004,87925560026.16917,0.39800915660344255,43962780013.08459,0.15841128874018365
2.5325250501002006,91228005688.39543,0.39486282671140194,45614002844.197716,0.15591665191851864
2.552545090180361,94627012710.03525,0.3917658512074867,47313506355.017624,0.1534804821723266
2.572565130260521,98124613809.38164,0.38871707784468457,49062306904.69082,0.15110096660811057
2.5925851703406813,101722868121.92766,0.385715389966762,50861434060.96383,0.14877636205721131
2.6126052104208415,105423861314.44019,0.382759705144628,52711930657.22009,0.14650499188240254
2.632625250501002,109229705727.73837,0.37984897387491623,54614852863.86919,0.1442852429538268
2.6526452905811624,113142540509.24982,0.37698217833750103,56571270254.62491,0.14211556278408743
2.6726653306613226,117164531745.09503,0.37415833120885383,58582265872.547516,0.13999445681299436
2.692685370741483,121297872591.75133,0.371376474528337,60648936295.87566,0.13792048583309655
2.712705410821643,125544783411.96674,0.3686356786146982,62772391705.98337,0.13589226354771905
2.7327254509018037,129907511916.63252,0.3659350410301915,64953755958.31626,0.13390845425376793
2.752745490981964,134388333274.20865,0.36327368558990114,67194166637.104324,0.13196777064207035
2.772765531062124,138989550248.91785,0.3606507614139823,69494775124.45892,0.13006897170848516
2.7927855711422844,143713493331.73737,0.3580654420206659,71856746665.86868,0.12821086076945487
2.812805611222445,148562520870.1198,0.355516924457997,74281260435.0599,0.12639228357607313
2.8328256513026053,153539019197.32584,0.3530044284723892,76769509598.66292,0.12461212652111815
2.8528456913827656,158645402762.92056,0.3505271957121884,79322701381.46028,0.12286931493385081
2.872865731462926,163884114274.6616,0.34808448896453587,81942057137.3308,0.1211628114577021
2.892885771543086,169257624809.62515,0.34567559142392024,84628812404.81258,0.11949161450627704
2.9129058116232467,174768433945.0668,0.34329980599089116,87384216972.5334,0.11785475679338352
2.932925851703407,180419069888.67413,0.34095645459949575,90209534944.33707,0.116251303933058
2.952945891783567,186212089606.0815,0.3386448775720723,93106044803.04076,0.11468035310580382
2.9729659318637274,192150078948.02502,0.3363644330001146,96075039474.01251,0.11314103178748858
2.9929859719438876,198235652777.34836,0.3341144961499833,99117826388.67418,0.11163249653755719
3.0130060120240483,204471455106.35168,0.33189445889231056,102235727553.17584,0.11015393184341962
3.0330260521042085,210860159214.31958,0.3297037291540027,105430079607.15979,0.10870454901805597
3.0530460921843687,217404467769.34604,0.3275417303918029,108702233884.67302,0.1072835851480565
3.073066132264529,224107112958.2308,0.325407901086432,112053556479.1154,0.10589030208947713
3.093086172344689,230970856611.92145,0.32330169425637373,115485428305.96072,0.10452398550904175
3.11310621242485,237998490330.6226,0.3212225769904212,118999245165.3113,0.1031839439683671
3.13312625250501,245192835608.57123,0.3191700299981451,122596417804.28561,0.10186950804901683
3.1531462925851703,252556743969.3719,0.317143547177486,126278371984.68594,0.10058002951631828
3.1731663326653305,260093097089.5832,0.3151426351987167,130046548544.7916,0.09931488051999145
3.193186372745491,267804806902.6154,0.3131668131040542,133902403451.3077,0.09807345282974961
3.2132064128256514,275694815733.73535,0.31121561192223973,137847407866.86768,0.09685515710413413
3.2332264529058117,283766096423.4678,0.30928857429743767,141883048211.7339,0.09565942219094162
3.253246492985972,292021652450.5895,0.30738525413183687,146010826225.29474,0.09448569445769393
3.273266533066132,300464518054.80084,0.3055052162413675,150232259027.40042,0.09333343715068472
3.293286573146293,309097758359.0727,0.3036480360239754,154548879179.53635,0.09220212978121746
3.313306613226453,317924469491.66833,0.30181329913992283,158962234745.83417,0.09109126753772455
3.3333266533066133,326947778707.84283,0.3000006012036096,163473889353.92142,0.0900003607225272
3.3533466933867735,336170844512.5029,0.29820954748643413,168085422256.25146,0.08892893421206381
3.3733667334669337,345596856836.4386,0.2964397526302345,172798428418.2193,0.0878765269394746
3.3933867735470944,355229037099.2692,0.2946908403708734,177614518549.6346,0.08684269139849159
3.4134068136272546,365070638314.8523,0.2929624432715509,182535319157.42615,0.08582699316763669
3.433426853707415,375124945234.8436,0.2912542024654464,187562472617.4218,0.08482901045378326
3.453446893787575,385395274469.1402,0.2895657674073128,192697637234.5701,0.083848333654186
3.4734669338677353,395884974606.0285,0.28789679563366144,197942487303.01425,0.08288456493613022
3.493486973947896,406597426332.03735,0.2862469525311917,203298713166.01868,0.08193731783339432
3.513507014028056,417536042551.49384,0.2846159111131391,208768021275.74692,0.0810062168587623
3.5335270541082164,428704268505.786,0.2830033518032248,214352134252.893,0.08009089713185981
3.5535470941883767,440105581892.3277,0.28140896222690925,220052790946.16385,0.07919100402162604
3.5735671342685373,451743492990.4588,0.2798324370096623,225871746495.2294,0.07830619280276663
3.5935871743486976,463621544829.3531,0.27827347758197635,231810772414.67654,0.07743612832556669
3.613607214428858,475743313226.6404,0.2767317919908606,237871656613.3202,0.07658048469847295
3.633627254509018,488112406925.22485,0.27520709471756805,244056203462.61243,0.07573894498288447
3.6536472945891783,500732467721.02875,0.2736991065013136,250366233860.51437,0.07491120089961742
3.673667334669339,513607170580.8103,0.27220755416875775,256803585290.40515,0.07409695254653718
3.693687374749499,526740223759.7111,0.270732170469034,263370111879.85556,0.07329590812687407
3.7137074148296594,540135368918.53546,0.26927269391411335,270067684459.26773,0.07250778368776377
3.7337274549098196,553796381240.7577,0.2678288686243043,276898190620.37885,0.07173230286857483
3.75374749498998,567727069549.2603,0.2664004441786965,283863534774.6301,0.07096919665860679
3.7737675350701405,581931276422.8026,0.2649871754703655,290965638211.4013,0.07021820316376227
3.7937875751503007,596412878329.3821,0.26358882256616134,298206439164.69104,0.06947906738181528
3.813807615230461,611175785768.4298,0.2622051505709136,305587892884.2149,0.06875154098591547
3.833827655310621,626223943314.8551,0.26083592949589146,313111971657.42755,0.06803538211598566
3.8538476953907814,641561329765.7494,0.25948093413136286,320780664882.8747,0.06733035517768467
3.873867735470942,657191958258.4819,0.25813994392310635,328595979129.24097,0.06663623064862449
3.8938877755511023,673119876386.1184,0.25681274285273153,336559938193.0592,0.06595278489154321
3.9139078156312626,689349166312.5963,0.25549911932167285,344674583156.29816,0.06527979997415043
3.933927855711423,705883944887.6503,0.2541988660387258,352941972443.82513,0.06461706349537408
3.9539478957915835,722728363761.4921,0.2529117799109994,361364181880.74603,0.0639643684177498
3.9739679358717437,739886609499.2424,0.25163766193816467,369943304749.6212,0.06332151290570605
3.993987975951904,757362903695.119,0.2503763171098846,378681451847.5595,0.0626883001695095
4.014008016032064,775161503113.936,0.24912755430631206,387580751556.968,0.062064538314644466
4.034028056112224,793286699794.3445,0.24789118620155193,396643349897.17224,0.06145004019641249
4.054048096192385,811742821126.3983,0.24666702916998276,405871410563.19916,0.060844623279545124
4.074068136272545,830534229988.2152,0.2454549031953408,415267114994.1076,0.06024810950263412
4.094088176352706,849665324859.3971,0.2442546317824714,424832662429.69855,0.05966032514719068
4.114108216432866,869140539934.2091,0.2430660418716572,434570269967.10455,0.05908110071115421
4.134128256513026,888964345234.5375,0.2418889637554352,444482172617.26874,0.058510270786678246
4.154148296593187,909141246722.6136,0.24072323099781948,454570623361.3068,0.05794767394202956
4.174168336673347,929675786413.5123,0.2395686803558483,464837893206.75616,0.05739315260744261
4.194188376753507,950572542487.4231,0.23842515170337808,475286271243.71155,0.05684655296477885
4.214208416833667,971836129403.0967,0.23729248795704957,485918064701.54834,0.05630772484084652
4.2342284569138275,993471198043.6313,0.23617053500435425,496735599021.8157,0.055776521604242915
4.254248496993988,1015482435787.7559,0.2350591416337317,507741217893.8779,0.05525280006558674
4.274268537074148,1037874566618.3846,0.23395815946663168,518937283309.1923,0.05473642038101386
4.294288577154309,1060652351245.777,0.2328674428914763,530326175622.8885,0.05422724595881497
4.314308617234469,1083820587218.8489,0.23178684899946114,541910293609.42444,0.053725143369099
4.33432865731463,1107384109036.2837,0.23071623752213533,553692054518.1418,0.053229982256370365
4.35434869739479,1131347788257.4238,0.2296554707707035,565673894128.7119,0.05274163525491345
4.37436873747495,1155716533612.9546,0.2286044135769948,577858266806.4773,0.05225997790688168
4.39438877755511,1180495291115.3772,0.22756293323604523,590247645557.6886,0.05178488858299278
4.4144088176352705,1205689044169.2715,0.22653089945024266,602844522084.6357,0.05131624840573595
4.434428857715431,1231302813686.8845,0.22550818427498442,615651406843.4423,0.05085394117500033
4.454448897795591,1257341658225.1047,0.2244946620658008,628670829112.5524,0.050397853296038096
4.474468937875752,1283810674047.2976,0.22349020942689762,641905337023.6488,0.04994787370967856
4.494488977955912,1310714995246.9219,0.22249470516107456,655357497623.4609,0.0495038938247135
4.5145090180360725,1338059793861.5342,0.22150803022097532,669029896930.7671,0.049065807452376514
4.534529058116233,1365850279982.1494,0.22053006766162997,682925139991.0747,0.04863351074284309
4.554549098196393,1394091701862.408,0.21956070259424829,697045850931.204,0.048206902123679944
4.574569138276553,1422789346027.548,0.21859982214122686,711394673013.774,0.04778588224017602
4.594589178356713,1451948537383.1833,0.21764731539233217,725974268691.5917,0.047370353897489316
4.614609218436874,1481574639323.8809,0.2167030733620244,740787319661.9404,0.046960222004546935
4.634629258517034,1511673053841.5479,0.21576698894788732,755836526920.7739,0.04655539351963773
4.654649298597194,1542249221654.6772,0.21483895689013077,771124610827.3386,0.046155777397639465
4.674669338677355,1573308622330.914,0.2139188737321341,786654311165.457,0.04576128453882474
4.6946893787575155,1604856774324.244,0.213006637781999,802428387162.122,0.04537182773919172
4.714709418837676,1636899235118.55,0.2121021490750816,818449617559.275,0.04498732164226814
4.734729458917836,1669441601336.771,0.2112053093374756,834720800668.3855,0.044607682692338765
4.754749498997996,1702489508848.291,0.21031602195041768,851244754424.1455,0.04423282908904857
4.774769539078156,1736048632876.1396,0.20943419191558837,868024316438.0698,0.043862680743335505
4.794789579158317,1770124688103.998,0.2085597258212823,885062344051.999,0.04349715923464845
4.814809619238477,1804723428783.017,0.20769253180942235,902361714391.5085,0.04313618776940791
4.834829659318637,1839850648838.4436,0.20683251954339338,919925324419.2218,0.0427796911406682
4.854849699398798,1875512181976.0574,0.20597960017667186,937756090988.0287,0.0424275956889416
4.874869739478958,1911713901788.4116,0.20513368632222842,955856950894.2058,0.042079829264146405
4.894889779559119,1948461721860.8945,0.2042946920226812,974230860930.4473,0.04173632118864216
4.914909819639279,1985761595877.5889,0.20346253272117884,992880797938.7944,0.04139700222131677
4.934929859719439,2023619517726.9453,0.20263712523299207,1011809758863.4727,0.041061804522691314
4.954949899799599,2062041521607.2659,0.20181838771779398,1031020760803.6329,0.040730661621009814
4.9749699398797596,2101033682224.1074,0.20100623965260966,1050516841112.0537,0.040403508379282346
4.99498997995992,2140602114885.751,0.20020060180541624,1070301057442.8755,0.04008028096325083
5.01501002004008,2180752975419.368,0.19940139620937547,1090376487709.684,0.03976091681024834
5.03503006012024,2221492460389.2456,0.1986085461376807,1110746230194.6228,0.03944535459892324
5.055050100200401,2262826807203.119,0.1978219760790019,1131413403601.5596,0.0391335342198012
5.075070140280562,2304762294217.0967,0.19704161171351176,1152381147108.5483,0.03882539674665833
5.095090180360722,2347305240840.422,0.19626737988947668,1173652620420.211,0.03852088440868016
5.115110220440882,2390462007640.0522,0.19549920860039804,1195231003820.0261,0.038219940563381946
5.135130260521042,2434238996445.0684,0.19473702696268774,1217119498222.5342,0.03792250967026657
5.1551503006012025,2478642650450.907,0.19398076519386415,1239321325225.4536,0.037628537265197055
5.175170340681363,2523679454323.4224,0.1932303545912539,1261839727161.7112,0.03733796993546172
5.195190380761523,2569355934302.7725,0.19248572751118656,1284677967151.3862,0.03705075529551076
5.215210420841683,2615678658307.1313,0.19174681734866797,1307839329153.5657,0.036766841963343434
5.235230460921844,2662654236036.2324,0.1910135585175204,1331327118018.1162,0.036486179537526184
5.2552505010020045,2710289319074.7217,0.19028588643097655,1355144659537.3608,0.0362087185748225
5.275270541082165,2758590600995.3687,0.18956373748271513,1379295300497.6843,0.03593441056841574
5.295290581162325,2807564817568.3477,0.18884704902832705,1403782408784.1738,0.03566320792670736
5.315310621242485,2857218746792.0283,0.18813575936720028,1428609373396.0142,0.03539506395267309
5.335330661322645,2907559208881.9307,0.18742980772481246,1453779604440.9653,0.03512993282376017
5.355350701402806,2958593066460.3657,0.1867291342354209,1479296533230.1829,0.03486776957230984
5.375370741482966,3010327224659.2715,0.18603367992513917,1505163612329.6357,0.034608530066489125
5.395390781563126,3062768631222.8965,0.18534338669539055,1531384315611.4482,0.03435217099171708
5.415410821643286,3115924276610.3174,0.18465819730672875,1557962138305.1587,0.034098649832570764
5.4354308617234475,3169801194097.8076,0.1839780553630156,1584900597048.9038,0.03384792485515683
5.455450901803608,3224406459881.0273,0.18330290529594784,1612203229940.5137,0.03359995508993522
5.475470941883768,3279747193177.085,0.18263269234992277,1639873596588.5425,0.03335470031498154
5.495490981963928,3335830556326.414,0.18196736256723492,1667915278163.207,0.03311212103967553
5.515511022044088,3392663754894.5005,0.1813068627735953,1696331877447.2502,0.03287217848880332
5.535531062124249,3450254037773.4536,0.1806511405639646,1725127018886.7268,0.032634834587061304
5.555551102204409,3508608697283.415,0.18000014428869282,1754304348641.7075,0.03240005194395024
5.575571142284569,3567735069273.8076,0.17935382303995745,1783867534636.9038,0.03216779383904837
5.595591182364729,3627640533225.7456,0.17871212663849295,1813820266612.8728,0.031938024207652745
5.61561122244489,3688332512466.811,0.17807500562060385,1844166256233.4055,0.03171070762677809
5.635631262525051,3749818474151.412,0.17744241122545495,1874909237075.706,0.031485809301503465
5.655651302605211,3812105929311.3447,0.17681429538263108,1906052964655.6724,0.031263295051656315
5.675671342685371,3875202433018.5273,0.17619061069996045,1937601216509.2637,0.03104313129882502
5.695691382765531,3939115584485.7676,0.17557131045159474,1969557792242.8838,0.03082528505369026
5.715711422845692,4003853027167.386,0.17495634856633965,2001926513583.693,0.03060972390366654
5.735731462925852,4069422448859.6924,0.17434567961622988,2034711224429.8462,0.030396416000845073
5.755751503006012,4135831581801.314,0.17373925880534238,2067915790900.657,0.03018533005022974
5.775771543086172,4203088202773.386,0.17313704195884266,2101544101386.693,0.029976435298258046
5.7957915831663325,4271200133199.591,0.17253898551225755,2135600066599.7954,0.02976970152159902
5.815811623246494,4340175239246.055,0.17194504650096998,2170087619623.0276,0.029565099016220727
5.835831663326654,4410021431921.093,0.17135518254992993,2205010715960.5464,0.029362598586719812
5.855851703406814,4480746667174.822,0.17076935186357614,2240373333587.411,0.029162171535905876
5.875871743486974,4552358945998.623,0.1701875132159642,2276179472999.3115,0.02896378965463399
5.8958917835671345,4624866314524.447,0.1696096259410955,2312433157262.2236,0.028767425211878334
5.915911823647295,4698276864128.106,0.16903564992344278,2349138432064.053,0.0285730509450407
5.935931863727455,4772598731629.547,0.16846554558866722,2386299365814.7734,0.028380640050487314
5.955951903807615,4847840099257.07,0.16789927389452292,2423920049628.535,0.028190166174308025
5.975971943887775,4924009194741.902,0.16733679632194393,2462004597370.951,0.028001603403291747
5.9959919839679365,5001114291456.026,0.16677807486631013,2500557145728.013,0.027814926256112548
6.016012024048097,5079163708511.014,0.16622307202888748,2539581854255.507,0.027630109674720713
6.036032064128257,5158165810856.734,0.1656717508084383,2579082905428.367,0.027447129015933276
6.056052104208417,5238129009379.91,0.16512407469299825,2619064504689.955,0.027265960043218865
6.0760721442885774,5319061761002.546,0.164580007651816,2659530880501.273,0.02708657891867181
6.096092184368738,5400972568780.23,0.16403951412745113,2700486284390.115,0.02690896219517024
6.116112224448898,5483869982000.294,0.16350255902802807,2741934991000.147,0.026733086808713804
6.136132264529058,5567762596279.838,0.16296910771964088,2783881298139.919,0.02655893007093591
6.156152304609218,5652659053663.63,0.16243912601890675,2826329526831.815,0.02638646966178627
6.176172344689379,5738568042721.864,0.1619125801856641,2869284021360.932,0.026215683622379107
6.19619238476954,5825498298647.79,0.16138943691581226,2912749149323.895,0.026046550348002944
6.2162124248497,5913458603355.193,0.16086966333428973,2956729301677.5967,0.02587904858128772
6.23623246492986,6002457785583.924,0.1603532269881872,3001228892791.962,0.025713157405525083
6.25625250501002,6092504721087.13,0.15984009583999334,3046252360543.565,0.025548856238138257
6.276272545090181,6183608332586.356,0.1593302382609695,3091804166293.178,0.02538612482429731
6.296292585170341,6275777589891.978,0.15882362302465108,3137888794945.989,0.025224943230676478
6.316312625250501,6369021510025.556,0.1583202193004721,3184510755012.778,0.02506529183934958
6.336332665330661,6463349157316.875,0.1578199966475111,3231674578658.4375,0.02490715134182041
6.3563527054108215,6558769643500.8545,0.15732292500835482,3279384821750.4272,0.024750502733184434
6.376372745490983,6655292127814.342,0.1568289747030778,3327646063907.171,0.024595327306418616
6.396392785571143,6752925817092.754,0.15633811642333478,3376462908546.377,0.02444160664679618
6.416412825651303,6851679965866.646,0.15585032122656386,3425839982933.323,0.024289322626423145
6.436432865731463,6951563876458.11,0.15536556053029782,3475781938229.055,0.024138457398893635
6.456452905811624,7052586899077.067,0.15488380610658115,3526293449538.5337,0.023988993394061024
6.476472945891784,7154758431917.438,0.1544050300764908,3577379215958.719,0.023840913312922034
6.496492985971944,7258087921253.1875,0.15392920490475823,3629043960626.5938,0.023694200122611045
6.516513026052104,7362584861534.238,0.15345630339449035,3681292430767.119,0.02354883705150187
6.5365330661322645,7468258795482.275,0.1529862986819878,3734129397741.1377,0.02340480758441438
6.556553106212425,7575119314199.138,0.15251916423165796,3787559657099.569,0.023262095457923453
6.576573146292586,7683176057335.364,0.152054873831021,3841588028667.682,0.023120684655767717
6.596593186372746,7792438713049.824,0.15159340158580673,3896219356524.912,0.022980559404355668
6.616613226452906,7902917018144.266,0.1511347219151404,3951458509072.133,0.02284170416836682
6.6366332665330665,8014620758173.903,0.15067880954681612,4007310379086.9517,0.022704103646445685
6.656653306613227,8127559767542.783,0.15022563951265477,4063779883771.3916,0.022567742766986105
6.676673346693387,8241743929599.0205,0.14977518714394625,4120871964799.5103,0.02243260668400412
6.696693386773547,8357183176729.93,0.1493274280669729,4178591588364.965,0.02229868077309697
6.716713426853707,8473887490457.033,0.1488823381986132,4236943745228.5166,0.022165950627486244
6.736733466933868,8591866901530.963,0.14843989374202396,4295933450765.4814,0.022034402054143365
6.756753507014029,8711131490026.24,0.14800007118239894,4355565745013.12,0.021904021069995155
6.776773547094189,8831691385435.928,0.14756284728280314,4415845692717.964,0.02177479389820788
6.796793587174349,8953556766766.207,0.14712819908008018,4476778383383.104,0.021646706964547707
6.8168136272545095,9076737862630.799,0.14669610388083218,4538368931315.399,0.021519746893815906
6.83683366733467,9201244951345.281,0.14626653925747013,4600622475672.641,0.02139390050635705
6.85685370741483,9327088361021.303,0.14583948304433345,4663544180510.651,0.02126915481463842
6.87687374749499,9454278469692.932,0.1454149133338773,4727139234846.466,0.021145497019899043
6.89689378757515,9582825705501.715,0.14499280847292645,4791412852750.857,0.02102291450886673
6.916913827655311,9712740546563.035,0.14457314705899396,4856370273281.518,0.020901394850541495
6.936933867735471,9844033521151.53,0.14415590793666386,4922016760575.765,0.020780925793043907
6.956953907815632,9976715207810.496,0.14374107019403604,4988357603905.248,0.020661495260526797
6.976973947895792,10110796235445.531,0.14332861315923262,5055398117722.766,0.02054309135014895
6.996993987975952,10246287283418.129,0.14291851639696404,5123143641709.064,0.02042570232910928
7.017014028056113,10383199081639.086,0.1425107597051541,5191599540819.543,0.02030931663174017
7.037034068136273,10521542410661.85,0.14210532311162244,5260771205330.925,0.020193922856658615
7.057054108216433,10661328101775.723,0.14170218687082384,5330664050887.861,0.02007950976397388
7.077074148296593,10802567037098.979,0.14130133146064233,5401283518549.489,0.01996606627255031
7.0970941883767535,10945270149671.844,0.14090273757924013,5472635074835.922,0.01985358145732421
7.117114228456914,11089448423549.39,0.14050638614195932,5544724211774.695,0.019742044546673377
7.137134268537075,11235112893894.3,0.14011225827827584,5617556446947.15,0.019631444919838276
7.157154308617235,11382274647069.5,0.1397203353288048,5691137323534.75,0.019521772104393657
7.177174348697395,11530944820730.746,0.13933059884235538,5765472410365.373,0.019413015773769363
7.197194388777556,11681134603919.027,0.1389430305730356,5840567301959.514,0.0193051657448195
7.217214428857716,11832855237152.89,0.13855761247740456,5916427618576.445,0.019198211975438615
7.237234468937876,11986118012520.652,0.13817432671167254,5993059006260.326,0.019092144562224023
7.257254509018036,12140934273772.492,0.13779315562894706,6070467136886.246,0.018986953738183224
7.2772745490981965,12297315416412.436,0.1374140817765245,6148657708206.218,0.018882629870485362
7.297294589178357,12455272887790.229,0.1370370878932264,6227636443895.114,0.018779163458255862
7.317314629258517,12614818187193.088,0.13666215690677944,6307409093596.544,0.018676545130413204
7.337334669338678,12775962865939.066,0.13628927193123808,6387981432969.533,0.01857476564354696
7.357354709418838,12938718527831.672,0.13591841626444984,6469359263915.836,0.01847381587983626
7.3773747494989985,13103096828877.322,0.13554957338556112,6551548414438.661,0.01837368684500762
7.397394789579159,13269109477151.26,0.13518272695256414,6634554738575.63,0.018274369666331513
7.417414829659319,13436768233133.867,0.13481786079988328,6718384116566.934,0.018175855590656705
7.437434869739479,13606084909802.252,0.1344549589360005,6803042454901.126,0.018078135982481584
7.457454909819639,13777071372721.707,0.13409400554111903,6888535686360.854,0.01798120232206166
7.4774749498998,13949739540137.094,0.1337349849648644,6974869770068.547,0.01788504620355251
7.49749498997996,14124101383064.113,0.1333778817240227,7062050691532.057,0.01778965933318739
7.517515030060121,14300168925380.473,0.13302268050031454,7150084462690.236,0.017695033527488763
7.537535070140281,14477954243916.928,0.13266936613820476,7238977121958.464,0.017601160711513034
7.5575551102204415,14657469468548.29,0.1323179236427469,7328734734274.145,0.017508032917127797
7.577575150300602,14838726782284.25,0.1319683381774617,7419363391142.125,0.017415642281320896
7.597595190380762,15021738421360.162,0.1316205950622494,7510869210680.081,0.017323981044540634
7.617615230460922,15206516675327.68,0.13127467977133475,7603258337663.84,0.017233041549066484
7.637635270541082,15393073887145.318,0.13093057793124438,7696536943572.659,0.017142816237409656
7.657655310621243,15581422453268.914,0.13058827531881595,7790711226634.457,0.017053297650742875
7.677675350701403,15771574823741.965,0.13024775785923845,7885787411870.982,0.016964478427358813
7.697695390781563,15963543502285.879,0.129909011624123,7981771751142.939,0.016876351301156525
7.717715430861724,16157341046390.13,0.1295720228296037,8078670523195.065,0.016788909100155344
7.737735470941884,16352980067402.268,0.12923677783446813,8176490033701.134,0.016702144745035674
7.757755511022045,16550473230617.908,0.12890326313831654,8275236615308.954,0.016616051247706078
7.777775551102205,16749833255370.537,0.1285714653797496,8374916627685.269,0.016530621709896148
7.797795591182365,16951072915121.254,0.12824137133458405,8475536457560.627,0.016445849321774675
7.817815631262525,17154205037638.506,0.1279129679140958,8577102518819.253,0.0163617273605925
7.8378356713426856,17359242505366.078,0.12758624216328993,8679621252683.039,0.01627824918934966
7.857855711422846,17566198254840.18,0.1272611812591971,8783099127420.09,0.01619540825548622
7.877875751503006,17775085277042.367,0.126937772509196,8887542638521.184,0.016113198089596395
7.897895791583167,17985916617538.656,0.1266160033493612,8992958308769.328,0.01603161230416545
7.917915831663327,18198705376569.03,0.1262958613428363,9099352688284.516,0.015950644592328932
7.937935871743488,18413464709136.99,0.1259773341782314,9206732354568.494,0.01587028872665379
7.957955911823648,18630207825098.88,0.12566040966804498,9315103912549.44,0.01579053855794089
7.977975951903808,18848947989253.188,0.1253450757471094,9424473994626.594,0.015711388014048595
7.997995991983968,19069698521429.754,0.1250313204710599,9534849260714.877,0.01563283109873688
8.018016032064128,19292472796578.848,0.12471913201482633,9646236398289.424,0.015554861890531678
8.038036072144289,19517284244860.188,0.1244084986711477,9758642122430.094,0.015477474541608959
8.058056112224449,19744146351731.844,0.12409940884910854,9872073175865.922,0.0154006632766982
8.07807615230461,19973072658039.082,0.12379185107269733,9986536329019.541,0.015324422392004875
8.09809619238477,20204076760103.055,0.12348581397938604,10102038380051.527,0.015248746254151534
8.11811623246493,20437172309809.47,0.12318128631873096,10218586154904.734,0.015173629299137174
8.13813627254509,20672373014697.098,0.12287825695099398,10336186507348.549,0.015099066031314501
8.15815631262525,20909692638046.242,0.12257671484578425,10454846319023.121,0.015025051022384705
8.178176352705412,21149144998967.105,0.12227664908071972,10574572499483.553,0.014951578910409475
8.198196392785572,21390743972487.957,0.12197804884010852,10695371986243.979,0.014878644398839899
8.218216432865733,21634503489643.438,0.12168090341364922,10817251744821.719,0.01480624225556183
8.238236472945893,21880437537562.535,0.12138520219515042,10940218768781.268,0.01473436731195755
8.258256513026053,22128560159556.6,0.12109093468126875,11064280079778.3,0.014663014461983294
8.278276553106213,22378885455208.098,0.12079809047026525,11189442727604.049,0.01459217866126239
8.298296593186373,22631427580746.4,0.12050665926077977,11315713790373.2,0.01452185492619368
8.318316633266534,22886200748852.633,0.120216630850623,11443100374426.316,0.01445203833307496
8.338336673346694,23143219228544.84,0.11992799513558593,11571609614272.42,0.014382724017241121
8.358356713426854,23402497345470.438,0.11964074210826647,11701248672735.219,0.014313907172216726
8.378376753507014,23664049481994.062,0.1193548618569129,11832024740997.031,0.01424558304888276
8.398396793587175,23927890077285.29,0.11907034456428367,11963945038642.645,0.014177746954657238
8.418416833667335,24194033627406.273,0.11878718050652377,12097016813703.137,0.014110394252689461
8.438436873747495,24462494685399.332,0.11850536005205686,12231247342699.666,0.014043520361067634
8.458456913827655,24733287861374.383,0.11822487366049322,12366643930687.191,0.013977120752039584
8.478476953907816,25006427822596.375,0.1179457118815532,12503213911298.188,0.01391119095124636
8.498496993987976,25281929293572.555,0.11766786535400578,12640964646786.277,0.013845726536968434
8.518517034068136,25559807056139.707,0.11739132480462226,12779903528069.854,0.013780723139384322
8.538537074148296,25840075949551.29,0.11711608104714451,12920037974775.645,0.013716176439841321
8.558557114228458,26122750870564.492,0.11684212498126778,13061375435282.246,0.0136520821701382
8.578577154308618,26407846773527.11,0.11656944759163781,13203923386763.555,0.013588436111819596
8.598597194388779,26695378670464.562,0.1162980399468618,13347689335232.281,0.013525234095481864
8.618617234468939,26985361631166.594,0.11602789319853324,13492680815583.297,0.013462472000090236
8.6386372745491,27277810783274.004,0.11575899858027039,13638905391637.002,0.013400145752307042
8.65865731462926,27572741312365.258,0.11549134740676792,13786370656182.629,0.013338251325830759
8.67867735470942,27870168462043.04,0.11522493107286186,13935084231021.52,0.013276784740745767
8.69869739478958,28170107534020.676,0.11495974105260733,14085053767010.338,0.01321574206288253
8.71871743486974,28472573888208.54,0.11469576889836897,14236286944104.27,0.013155119403188063
8.7387374749499,28777582942800.29,0.11443300623992404,14388791471400.145,0.013094912917106495
8.75875751503006,29085150174422.59,0.11417144478357762,14542575087211.295,0.013035118803969513
8.77877755511022,29395291118435.68,0.11391107631128998,14697645559217.84,0.01297573330639653
8.798797595190381,29708021368517.797,0.11365189267981597,14854010684258.898,0.012916752709704406
8.818817635270541,30023356576942.22,0.11339388581985597,15011678288471.11,0.012858173341326534
8.838837675350701,30341312454702.848,0.1131370477352185,15170656227351.424,0.01279999157024111
8.858857715430862,30661904771600.297,0.1128813705019941,15330952385800.148,0.012742203806408463
8.878877755511022,30985149356327.938,0.11262684626774043,15492574678163.969,0.012684806500217236
8.898897795591182,31311062096557.812,0.11237346725067841,15655531048278.906,0.012627796141939294
8.918917835671342,31639658939026.5,0.1121212257388991,15819829469513.25,0.01257116926119317
8.938937875751504,31970955889620.953,0.11187011408958127,15985477944810.477,0.012514922426415928
8.958957915831665,32304969013464.043,0.11162012472821953,16152484506732.021,0.012459052244343285
8.978977955911825,32641714435000.402,0.11137125014786262,16320857217500.201,0.01240355535949779
8.998997995991985,32981208338081.83,0.11112348290836209,16490604169040.914,0.01234842845368504
9.019018036072145,33323466966052.793,0.11087681563563077,16661733483026.396,0.012293668245497658
9.039038076152305,33668506621835.82,0.11063124102091129,16834253310917.91,0.012239271489826965
9.059058116232466,34016343668016.812,0.1103867518200541,17008171834008.406,0.012185234977382216
9.079078156312626,34366994526930.27,0.11014334085280522,17183497263465.135,0.012131555534217232
9.099098196392786,34720475680744.438,0.1099010010021033,17360237840372.219,0.01207823002126431
9.119118236472946,35076803671546.402,0.10965972521338595,17538401835773.201,0.012025255333875313
9.139138276553107,35435995101427.06,0.10941950649390518,17717997550713.53,0.011972628401369758
9.159158316633267,35798066632566.07,0.10918033791205184,17899033316283.035,0.011920346186589824
9.179178356713427,36163034987316.64,0.10894221259668894,18081517493658.32,0.011868405685462172
9.199198396793587,36530916948290.336,0.10870512373649355,18265458474145.168,0.011816803926566373
9.219218436873748,36901729358442.08,0.10846906457930741,18450864679221.04,0.011765537970709962
9.239238476953908,37275489121361.17,0.10823402843149589,18637744560680.586,0.01171460491050986
9.259258517034068,37652213201163.555,0.10800000865731532,18826106600581.777,0.011664001869980184
9.279278557114228,38031918622412.93,0.10776699867828851,19015959311206.465,0.011613726004126237
9.299298597194388,38414622470360.19,0.10753499197258828,19207311235180.094,0.011563774498544626
9.31931863727455,38800341891028.08,0.10730398207442896,19400170945514.04,0.011514144569029371
9.33933867735471,39189094091295.5,0.10707396257346581,19594547045647.75,0.011464833461183958
9.359358717434871,39580896338982.22,0.10684492711420202,19790448169491.11,0.01141583845003914
9.379378757515031,39975765962933.02,0.10661686939540328,19987882981466.51,0.011367156839676481
9.399398797595191,40373720353102.1,0.10638978316952007,20186860176551.05,0.011318785962857495
9.419418837675352,40774776960637.195,0.10616366224211697,20387388480318.598,0.011270723180658292
9.439438877755512,41178953297963.805,0.10593850047130955,20589476648981.902,0.011222965882109654
9.459458917835672,41586266938869.19,0.10571429176720823,20793133469434.594,0.01117551148384243
9.479478957915832,41996735518586.43,0.10549103009136918,20998367759293.215,0.011128357429738157
9.499498997995993,42410376733878.29,0.1052687094562523,21205188366939.145,0.011081501190584863
9.519519038076153,42827208343121.1,0.10504732392468591,21413604171560.55,0.01103494026373789
9.539539078156313,43247248166388.53,0.1048268676093382,21623624083194.266,0.010988672172785718
9.559559118236473,43670514085535.28,0.1046073346721954,21835257042767.64,0.010942694467220695
9.579579158316633,44097024044280.72,0.10438871932404643,22048512022140.36,0.010897004722114545
9.599599198396794,44526796048292.44,0.10417101582397395,22263398024146.22,0.010851600537798631
9.619619238476954,44959848165269.75,0.10395421847885188,22479924082634.875,0.010806479539548868
9.639639278557114,45396198525027.07,0.10373832164284913,22698099262513.535,0.01076163937727522
9.659659318637274,45835865319577.27,0.10352331971693944,22917932659788.637,0.010717077725215662
9.679679358717435,46278866803214.98,0.10330920714841745,23139433401607.49,0.010672792281634626
9.699699398797597,46725221292646.66,0.10309597843042052,23362610646323.33,0.010628780768525734
9.719719438877757,47174947167246.57,0.10288362810145685,23587473583623.285,0.010585040931318882
9.739739478957917,47628062868747.586,0.1026721507449389,23814031434373.793,0.010541570538591458
9.759759519038077,48084586901469.02,0.10246154098872307,24042293450734.51,0.010498367381783776
9.779779559118237,48544537832432.805,0.1022517935046546,24272268916216.402,0.010455429274918526
9.799799599198398,49007934291446.53,0.10204290300811844,24503967145723.266,0.010412754054324267
9.819819639278558,49474794971186.484,0.10183486425759526,24737397485593.242,0.010370339578362853
9.839839679358718,49945138627280.6,0.10162767205422314,24972569313640.3,0.010328183727160727
9.859859719438878,50418984078391.34,0.10142132124136445,25209492039195.67,0.010286284402344043
9.879879759519039,50896350206298.516,0.10121580670417804,25448175103149.258,0.010244639526777533
9.899899799599199,51377255955982.03,0.10101112336919667,25688627977991.016,0.010203247044307069
9.919919839679359,51861720335704.56,0.10080726620390947,25930860167852.28,0.010162104919505867
9.93993987975952,52349762417094.164,0.1006042302163495,26174881208547.082,0.010121211137424249
9.95995991983968,52841401335226.83,0.1004020104546863,26420700667613.414,0.010080563703342937
9.97997995991984,53336656288708.98,0.10020060200682328,26668328144354.49,0.010040160642529798
10.0,53835546539759.82,0.1,26917773269879.91,0.010000000000000002
