L,N,seed,walk,first_passage_time
5,125,42,0,811
5,125,42,1,134
5,125,42,2,889
5,125,42,3,3168
5,125,42,4,1373
5,125,42,5,202
5,125,42,6,520
5,125,42,7,1175
5,125,42,8,1360
5,125,42,9,393
5,125,42,10,389
5,125,42,11,800
5,125,42,12,1098
5,125,42,13,1142
5,125,42,14,1827
5,125,42,15,710
5,125,42,16,160
5,125,42,17,338
5,125,42,18,403
5,125,42,19,103
5,125,42,20,547
5,125,42,21,2158
5,125,42,22,113
5,125,42,23,219
5,125,42,24,995
5,125,42,25,4656
5,125,42,26,493
5,125,42,27,1511
5,125,42,28,1143
5,125,42,29,3375
5,125,42,30,604
5,125,42,31,432
5,125,42,32,763
5,125,42,33,631
5,125,42,34,888
5,125,42,35,972
5,125,42,36,1965
5,125,42,37,1436
5,125,42,38,665
5,125,42,39,426
5,125,42,40,927
5,125,42,41,440
5,125,42,42,1357
5,125,42,43,2326
5,125,42,44,571
5,125,42,45,3033
5,125,42,46,738
5,125,42,47,182
5,125,42,48,94
5,125,42,49,322
5,125,43,0,1449
5,125,43,1,1249
5,125,43,2,190
5,125,43,3,1799
5,125,43,4,307
5,125,43,5,1006
5,125,43,6,2210
5,125,43,7,1283
5,125,43,8,238
5,125,43,9,674
5,125,43,10,2311
5,125,43,11,376
5,125,43,12,3241
5,125,43,13,427
5,125,43,14,589
5,125,43,15,1436
5,125,43,16,1379
5,125,43,17,80
5,125,43,18,595
5,125,43,19,407
5,125,43,20,1246
5,125,43,21,569
5,125,43,22,5248
5,125,43,23,2170
5,125,43,24,248
5,125,43,25,487
5,125,43,26,579
5,125,43,27,380
5,125,43,28,993
5,125,43,29,1086
5,125,43,30,3464
5,125,43,31,202
5,125,43,32,599
5,125,43,33,621
5,125,43,34,1019
5,125,43,35,728
5,125,43,36,701
5,125,43,37,2472
5,125,43,38,256
5,125,43,39,1035
5,125,43,40,2427
5,125,43,41,630
5,125,43,42,405
5,125,43,43,127
5,125,43,44,1809
5,125,43,45,1647
5,125,43,46,336
5,125,43,47,367
5,125,43,48,129
5,125,43,49,851
5,125,44,0,975
5,125,44,1,789
5,125,44,2,802
5,125,44,3,125
5,125,44,4,2049
5,125,44,5,686
5,125,44,6,360
5,125,44,7,692
5,125,44,8,749
5,125,44,9,2832
5,125,44,10,2990
5,125,44,11,1060
5,125,44,12,714
5,125,44,13,2156
5,125,44,14,595
5,125,44,15,604
5,125,44,16,2615
5,125,44,17,1609
5,125,44,18,491
5,125,44,19,893
5,125,44,20,1715
5,125,44,21,1103
5,125,44,22,228
5,125,44,23,666
5,125,44,24,1748
5,125,44,25,425
5,125,44,26,986
5,125,44,27,1320
5,125,44,28,1535
5,125,44,29,1439
5,125,44,30,1138
5,125,44,31,1512
5,125,44,32,690
5,125,44,33,1623
5,125,44,34,907
5,125,44,35,504
5,125,44,36,131
5,125,44,37,521
5,125,44,38,1997
5,125,44,39,767
5,125,44,40,607
5,125,44,41,597
5,125,44,42,1543
5,125,44,43,1143
5,125,44,44,399
5,125,44,45,611
5,125,44,46,1202
5,125,44,47,2998
5,125,44,48,953
5,125,44,49,474
5,125,45,0,907
5,125,45,1,623
5,125,45,2,633
5,125,45,3,3466
5,125,45,4,1457
5,125,45,5,1882
5,125,45,6,1002
5,125,45,7,289
5,125,45,8,81
5,125,45,9,786
5,125,45,10,212
5,125,45,11,484
5,125,45,12,658
5,125,45,13,3449
5,125,45,14,1442
5,125,45,15,481
5,125,45,16,2273
5,125,45,17,1523
5,125,45,18,364
5,125,45,19,176
5,125,45,20,404
5,125,45,21,731
5,125,45,22,485
5,125,45,23,1376
5,125,45,24,2165
5,125,45,25,387
5,125,45,26,174
5,125,45,27,2434
5,125,45,28,293
5,125,45,29,2290
5,125,45,30,366
5,125,45,31,1051
5,125,45,32,3225
5,125,45,33,4627
5,125,45,34,784
5,125,45,35,451
5,125,45,36,934
5,125,45,37,1486
5,125,45,38,1214
5,125,45,39,336
5,125,45,40,507
5,125,45,41,858
5,125,45,42,6266
5,125,45,43,720
5,125,45,44,1361
5,125,45,45,290
5,125,45,46,1315
5,125,45,47,232
5,125,45,48,3905
5,125,45,49,1382
5,125,46,0,219
5,125,46,1,456
5,125,46,2,307
5,125,46,3,1287
5,125,46,4,341
5,125,46,5,85
5,125,46,6,219
5,125,46,7,991
5,125,46,8,1783
5,125,46,9,533
5,125,46,10,1260
5,125,46,11,1835
5,125,46,12,3786
5,125,46,13,549
5,125,46,14,1335
5,125,46,15,1877
5,125,46,16,1053
5,125,46,17,639
5,125,46,18,1880
5,125,46,19,3799
5,125,46,20,461
5,125,46,21,477
5,125,46,22,1813
5,125,46,23,816
5,125,46,24,448
5,125,46,25,1019
5,125,46,26,130
5,125,46,27,1394
5,125,46,28,2805
5,125,46,29,1763
5,125,46,30,467
5,125,46,31,193
5,125,46,32,629
5,125,46,33,471
5,125,46,34,158
5,125,46,35,1094
5,125,46,36,606
5,125,46,37,520
5,125,46,38,757
5,125,46,39,253
5,125,46,40,232
5,125,46,41,940
5,125,46,42,358
5,125,46,43,887
5,125,46,44,4666
5,125,46,45,597
5,125,46,46,363
5,125,46,47,801
5,125,46,48,579
5,125,46,49,217
5,125,47,0,1063
5,125,47,1,103
5,125,47,2,986
5,125,47,3,2646
5,125,47,4,173
5,125,47,5,1831
5,125,47,6,201
5,125,47,7,251
5,125,47,8,2630
5,125,47,9,1775
5,125,47,10,2185
5,125,47,11,94
5,125,47,12,304
5,125,47,13,1502
5,125,47,14,719
5,125,47,15,1113
5,125,47,16,952
5,125,47,17,200
5,125,47,18,1320
5,125,47,19,3601
5,125,47,20,112
5,125,47,21,1872
5,125,47,22,525
5,125,47,23,3008
5,125,47,24,251
5,125,47,25,1682
5,125,47,26,2135
5,125,47,27,2111
5,125,47,28,140
5,125,47,29,2395
5,125,47,30,570
5,125,47,31,793
5,125,47,32,3356
5,125,47,33,1595
5,125,47,34,813
5,125,47,35,710
5,125,47,36,3207
5,125,47,37,712
5,125,47,38,307
5,125,47,39,3316
5,125,47,40,2393
5,125,47,41,1501
5,125,47,42,930
5,125,47,43,192
5,125,47,44,859
5,125,47,45,726
5,125,47,46,656
5,125,47,47,3581
5,125,47,48,359
5,125,47,49,218
5,125,48,0,3046
5,125,48,1,739
5,125,48,2,2370
5,125,48,3,374
5,125,48,4,2686
5,125,48,5,194
5,125,48,6,1471
5,125,48,7,1208
5,125,48,8,481
5,125,48,9,646
5,125,48,10,232
5,125,48,11,2518
5,125,48,12,2915
5,125,48,13,184
5,125,48,14,1781
5,125,48,15,1478
5,125,48,16,614
5,125,48,17,495
5,125,48,18,1207
5,125,48,19,954
5,125,48,20,284
5,125,48,21,500
5,125,48,22,1681
5,125,48,23,1634
5,125,48,24,1169
5,125,48,25,1508
5,125,48,26,705
5,125,48,27,1189
5,125,48,28,845
5,125,48,29,1929
5,125,48,30,179
5,125,48,31,373
5,125,48,32,1072
5,125,48,33,235
5,125,48,34,151
5,125,48,35,2292
5,125,48,36,343
5,125,48,37,233
5,125,48,38,532
5,125,48,39,743
5,125,48,40,1528
5,125,48,41,1835
5,125,48,42,573
5,125,48,43,1806
5,125,48,44,6433
5,125,48,45,1102
5,125,48,46,1185
5,125,48,47,291
5,125,48,48,1855
5,125,48,49,206
5,125,49,0,1298
5,125,49,1,357
5,125,49,2,1625
5,125,49,3,716
5,125,49,4,2863
5,125,49,5,622
5,125,49,6,82
5,125,49,7,2488
5,125,49,8,566
5,125,49,9,731
5,125,49,10,771
5,125,49,11,776
5,125,49,12,325
5,125,49,13,263
5,125,49,14,98
5,125,49,15,1434
5,125,49,16,1251
5,125,49,17,349
5,125,49,18,504
5,125,49,19,1198
5,125,49,20,275
5,125,49,21,946
5,125,49,22,698
5,125,49,23,500
5,125,49,24,1413
5,125,49,25,744
5,125,49,26,2293
5,125,49,27,610
5,125,49,28,1124
5,125,49,29,250
5,125,49,30,713
5,125,49,31,831
5,125,49,32,2957
5,125,49,33,2114
5,125,49,34,244
5,125,49,35,212
5,125,49,36,5194
5,125,49,37,224
5,125,49,38,1752
5,125,49,39,2430
5,125,49,40,2110
5,125,49,41,258
5,125,49,42,4298
5,125,49,43,275
5,125,49,44,556
5,125,49,45,1199
5,125,49,46,283
5,125,49,47,483
5,125,49,48,592
5,125,49,49,1580
6,216,50,0,618
6,216,50,1,3322
6,216,50,2,1358
6,216,50,3,1436
6,216,50,4,187
6,216,50,5,1424
6,216,50,6,2748
6,216,50,7,1390
6,216,50,8,4161
6,216,50,9,1037
6,216,50,10,593
6,216,50,11,10612
6,216,50,12,450
6,216,50,13,4192
6,216,50,14,1462
6,216,50,15,2541
6,216,50,16,3257
6,216,50,17,2744
6,216,50,18,1347
6,216,50,19,6054
6,216,50,20,1636
6,216,50,21,2016
6,216,50,22,5931
6,216,50,23,1271
6,216,50,24,376
6,216,50,25,403
6,216,50,26,764
6,216,50,27,663
6,216,50,28,2828
6,216,50,29,4020
6,216,50,30,583
6,216,50,31,4026
6,216,50,32,953
6,216,50,33,123
6,216,50,34,3156
6,216,50,35,378
6,216,50,36,1675
6,216,50,37,552
6,216,50,38,7080
6,216,50,39,2345
6,216,50,40,2827
6,216,50,41,7393
6,216,50,42,1869
6,216,50,43,7660
6,216,50,44,8140
6,216,50,45,4567
6,216,50,46,6916
6,216,50,47,1386
6,216,50,48,2231
6,216,50,49,1350
6,216,51,0,1736
6,216,51,1,1679
6,216,51,2,759
6,216,51,3,2606
6,216,51,4,196
6,216,51,5,478
6,216,51,6,1212
6,216,51,7,2267
6,216,51,8,5075
6,216,51,9,1437
6,216,51,10,1525
6,216,51,11,9241
6,216,51,12,4097
6,216,51,13,941
6,216,51,14,1119
6,216,51,15,3123
6,216,51,16,6226
6,216,51,17,808
6,216,51,18,370
6,216,51,19,5365
6,216,51,20,1583
6,216,51,21,3646
6,216,51,22,5801
6,216,51,23,3168
6,216,51,24,2385
6,216,51,25,9410
6,216,51,26,2823
6,216,51,27,116
6,216,51,28,257
6,216,51,29,726
6,216,51,30,3490
6,216,51,31,7332
6,216,51,32,5047
6,216,51,33,2878
6,216,51,34,285
6,216,51,35,949
6,216,51,36,665
6,216,51,37,2835
6,216,51,38,971
6,216,51,39,12148
6,216,51,40,4006
6,216,51,41,598
6,216,51,42,1865
6,216,51,43,2912
6,216,51,44,678
6,216,51,45,2502
6,216,51,46,261
6,216,51,47,1376
6,216,51,48,536
6,216,51,49,2670
6,216,52,0,285
6,216,52,1,1734
6,216,52,2,3224
6,216,52,3,3637
6,216,52,4,1708
6,216,52,5,441
6,216,52,6,3323
6,216,52,7,1855
6,216,52,8,3698
6,216,52,9,4240
6,216,52,10,171
6,216,52,11,1835
6,216,52,12,3117
6,216,52,13,6868
6,216,52,14,1161
6,216,52,15,5508
6,216,52,16,534
6,216,52,17,3293
6,216,52,18,870
6,216,52,19,456
6,216,52,20,4286
6,216,52,21,3089
6,216,52,22,3546
6,216,52,23,442
6,216,52,24,2151
6,216,52,25,418
6,216,52,26,1191
6,216,52,27,262
6,216,52,28,4338
6,216,52,29,1686
6,216,52,30,737
6,216,52,31,7875
6,216,52,32,4851
6,216,52,33,3989
6,216,52,34,1102
6,216,52,35,2550
6,216,52,36,1452
6,216,52,37,2296
6,216,52,38,612
6,216,52,39,3660
6,216,52,40,3170
6,216,52,41,1728
6,216,52,42,1588
6,216,52,43,5857
6,216,52,44,1697
6,216,52,45,999
6,216,52,46,900
6,216,52,47,243
6,216,52,48,5768
6,216,52,49,4577
6,216,53,0,652
6,216,53,1,1836
6,216,53,2,5570
6,216,53,3,3897
6,216,53,4,1473
6,216,53,5,5324
6,216,53,6,1477
6,216,53,7,2100
6,216,53,8,5419
6,216,53,9,511
6,216,53,10,7541
6,216,53,11,518
6,216,53,12,459
6,216,53,13,1808
6,216,53,14,2842
6,216,53,15,2631
6,216,53,16,2137
6,216,53,17,390
6,216,53,18,1807
6,216,53,19,1443
6,216,53,20,5611
6,216,53,21,328
6,216,53,22,5634
6,216,53,23,1110
6,216,53,24,1579
6,216,53,25,6821
6,216,53,26,831
6,216,53,27,627
6,216,53,28,1216
6,216,53,29,694
6,216,53,30,1732
6,216,53,31,1800
6,216,53,32,4691
6,216,53,33,622
6,216,53,34,1633
6,216,53,35,247
6,216,53,36,2352
6,216,53,37,5453
6,216,53,38,255
6,216,53,39,7240
6,216,53,40,2008
6,216,53,41,998
6,216,53,42,260
6,216,53,43,1377
6,216,53,44,4249
6,216,53,45,6537
6,216,53,46,5744
6,216,53,47,1759
6,216,53,48,2507
6,216,53,49,2101
6,216,54,0,3399
6,216,54,1,547
6,216,54,2,3161
6,216,54,3,609
6,216,54,4,3188
6,216,54,5,127
6,216,54,6,2300
6,216,54,7,406
6,216,54,8,4206
6,216,54,9,8177
6,216,54,10,2929
6,216,54,11,4406
6,216,54,12,2278
6,216,54,13,1921
6,216,54,14,3221
6,216,54,15,1389
6,216,54,16,440
6,216,54,17,388
6,216,54,18,133
6,216,54,19,2455
6,216,54,20,4171
6,216,54,21,493
6,216,54,22,3811
6,216,54,23,530
6,216,54,24,3107
6,216,54,25,2377
6,216,54,26,5346
6,216,54,27,1939
6,216,54,28,2244
6,216,54,29,4184
6,216,54,30,770
6,216,54,31,2722
6,216,54,32,294
6,216,54,33,1517
6,216,54,34,612
6,216,54,35,6975
6,216,54,36,2426
6,216,54,37,1419
6,216,54,38,3447
6,216,54,39,6805
6,216,54,40,3001
6,216,54,41,4192
6,216,54,42,1174
6,216,54,43,210
6,216,54,44,2194
6,216,54,45,2246
6,216,54,46,1758
6,216,54,47,4631
6,216,54,48,2206
6,216,54,49,1166
6,216,55,0,699
6,216,55,1,1832
6,216,55,2,2714
6,216,55,3,3007
6,216,55,4,1040
6,216,55,5,2756
6,216,55,6,3799
6,216,55,7,644
6,216,55,8,3117
6,216,55,9,1685
6,216,55,10,677
6,216,55,11,4432
6,216,55,12,2999
6,216,55,13,5431
6,216,55,14,140
6,216,55,15,160
6,216,55,16,1873
6,216,55,17,890
6,216,55,18,7486
6,216,55,19,1539
6,216,55,20,418
6,216,55,21,4838
6,216,55,22,2509
6,216,55,23,268
6,216,55,24,3751
6,216,55,25,854
6,216,55,26,16463
6,216,55,27,519
6,216,55,28,3178
6,216,55,29,1725
6,216,55,30,2551
6,216,55,31,654
6,216,55,32,1113
6,216,55,33,4397
6,216,55,34,412
6,216,55,35,2907
6,216,55,36,4693
6,216,55,37,879
6,216,55,38,313
6,216,55,39,100
6,216,55,40,669
6,216,55,41,594
6,216,55,42,2821
6,216,55,43,3498
6,216,55,44,3816
6,216,55,45,3875
6,216,55,46,204
6,216,55,47,1236
6,216,55,48,1488
6,216,55,49,1229
6,216,56,0,3675
6,216,56,1,5557
6,216,56,2,440
6,216,56,3,4080
6,216,56,4,2863
6,216,56,5,4846
6,216,56,6,3172
6,216,56,7,1637
6,216,56,8,3183
6,216,56,9,725
6,216,56,10,4059
6,216,56,11,1566
6,216,56,12,1429
6,216,56,13,1821
6,216,56,14,3062
6,216,56,15,190
6,216,56,16,1078
6,216,56,17,21295
6,216,56,18,1841
6,216,56,19,515
6,216,56,20,1649
6,216,56,21,5927
6,216,56,22,1714
6,216,56,23,1706
6,216,56,24,135
6,216,56,25,5496
6,216,56,26,1057
6,216,56,27,226
6,216,56,28,4153
6,216,56,29,3880
6,216,56,30,459
6,216,56,31,501
6,216,56,32,1473
6,216,56,33,7345
6,216,56,34,2653
6,216,56,35,2993
6,216,56,36,1761
6,216,56,37,820
6,216,56,38,750
6,216,56,39,2769
6,216,56,40,2999
6,216,56,41,4113
6,216,56,42,1497
6,216,56,43,7100
6,216,56,44,17609
6,216,56,45,1080
6,216,56,46,3288
6,216,56,47,1368
6,216,56,48,3169
6,216,56,49,114
6,216,57,0,4654
6,216,57,1,3586
6,216,57,2,1686
6,216,57,3,6191
6,216,57,4,6818
6,216,57,5,2874
6,216,57,6,351
6,216,57,7,3172
6,216,57,8,888
6,216,57,9,429
6,216,57,10,6489
6,216,57,11,2000
6,216,57,12,687
6,216,57,13,3492
6,216,57,14,4900
6,216,57,15,4009
6,216,57,16,4793
6,216,57,17,5654
6,216,57,18,4304
6,216,57,19,756
6,216,57,20,2646
6,216,57,21,14561
6,216,57,22,578
6,216,57,23,323
6,216,57,24,2977
6,216,57,25,961
6,216,57,26,357
6,216,57,27,426
6,216,57,28,908
6,216,57,29,1515
6,216,57,30,2277
6,216,57,31,1908
6,216,57,32,1484
6,216,57,33,4699
6,216,57,34,2549
6,216,57,35,1613
6,216,57,36,810
6,216,57,37,2219
6,216,57,38,986
6,216,57,39,1370
6,216,57,40,2681
6,216,57,41,1163
6,216,57,42,2528
6,216,57,43,1502
6,216,57,44,1049
6,216,57,45,1103
6,216,57,46,273
6,216,57,47,5472
6,216,57,48,4564
6,216,57,49,616
7,343,58,0,1764
7,343,58,1,5756
7,343,58,2,3228
7,343,58,3,13547
7,343,58,4,2420
7,343,58,5,2162
7,343,58,6,416
7,343,58,7,4178
7,343,58,8,1505
7,343,58,9,9083
7,343,58,10,7683
7,343,58,11,388
7,343,58,12,2127
7,343,58,13,5506
7,343,58,14,7998
7,343,58,15,6584
7,343,58,16,728
7,343,58,17,3130
7,343,58,18,1562
7,343,58,19,4114
7,343,58,20,6202
7,343,58,21,2429
7,343,58,22,9589
7,343,58,23,4607
7,343,58,24,978
7,343,58,25,3242
7,343,58,26,282
7,343,58,27,7306
7,343,58,28,1399
7,343,58,29,2319
7,343,58,30,6395
7,343,58,31,19369
7,343,58,32,4132
7,343,58,33,8460
7,343,58,34,644
7,343,58,35,4130
7,343,58,36,7129
7,343,58,37,592
7,343,58,38,10070
7,343,58,39,10435
7,343,58,40,8181
7,343,58,41,3290
7,343,58,42,5457
7,343,58,43,723
7,343,58,44,8504
7,343,58,45,2017
7,343,58,46,3157
7,343,58,47,2459
7,343,58,48,711
7,343,58,49,1081
7,343,59,0,1667
7,343,59,1,1920
7,343,59,2,16237
7,343,59,3,4080
7,343,59,4,1140
7,343,59,5,2069
7,343,59,6,760
7,343,59,7,447
7,343,59,8,1973
7,343,59,9,609
7,343,59,10,3756
7,343,59,11,547
7,343,59,12,9695
7,343,59,13,4082
7,343,59,14,2147
7,343,59,15,931
7,343,59,16,14577
7,343,59,17,4770
7,343,59,18,1931
7,343,59,19,7762
7,343,59,20,2158
7,343,59,21,3260
7,343,59,22,5056
7,343,59,23,21603
7,343,59,24,1348
7,343,59,25,12185
7,343,59,26,1831
7,343,59,27,6538
7,343,59,28,1435
7,343,59,29,8702
7,343,59,30,202
7,343,59,31,5263
7,343,59,32,9058
7,343,59,33,11457
7,343,59,34,4747
7,343,59,35,8195
7,343,59,36,1895
7,343,59,37,3526
7,343,59,38,466
7,343,59,39,3471
7,343,59,40,377
7,343,59,41,1473
7,343,59,42,4445
7,343,59,43,966
7,343,59,44,14551
7,343,59,45,775
7,343,59,46,2641
7,343,59,47,486
7,343,59,48,676
7,343,59,49,2352
7,343,60,0,512
7,343,60,1,1172
7,343,60,2,3078
7,343,60,3,9763
7,343,60,4,3824
7,343,60,5,762
7,343,60,6,6103
7,343,60,7,754
7,343,60,8,12933
7,343,60,9,3086
7,343,60,10,4901
7,343,60,11,22812
7,343,60,12,6152
7,343,60,13,990
7,343,60,14,2277
7,343,60,15,6935
7,343,60,16,9751
7,343,60,17,1329
7,343,60,18,15521
7,343,60,19,3134
7,343,60,20,2503
7,343,60,21,520
7,343,60,22,10090
7,343,60,23,666
7,343,60,24,704
7,343,60,25,1983
7,343,60,26,10956
7,343,60,27,1930
7,343,60,28,2220
7,343,60,29,1004
7,343,60,30,6551
7,343,60,31,4340
7,343,60,32,7810
7,343,60,33,4186
7,343,60,34,4554
7,343,60,35,5600
7,343,60,36,10311
7,343,60,37,428
7,343,60,38,5580
7,343,60,39,5988
7,343,60,40,1188
7,343,60,41,2090
7,343,60,42,246
7,343,60,43,6009
7,343,60,44,5365
7,343,60,45,1027
7,343,60,46,2392
7,343,60,47,4491
7,343,60,48,3149
7,343,60,49,9435
7,343,61,0,5526
7,343,61,1,11954
7,343,61,2,3281
7,343,61,3,2287
7,343,61,4,4587
7,343,61,5,812
7,343,61,6,3555
7,343,61,7,1401
7,343,61,8,3027
7,343,61,9,3323
7,343,61,10,19494
7,343,61,11,340
7,343,61,12,2091
7,343,61,13,3013
7,343,61,14,3820
7,343,61,15,2332
7,343,61,16,3270
7,343,61,17,1271
7,343,61,18,1424
7,343,61,19,2235
7,343,61,20,1255
7,343,61,21,9633
7,343,61,22,10552
7,343,61,23,2203
7,343,61,24,7022
7,343,61,25,5313
7,343,61,26,1064
7,343,61,27,4125
7,343,61,28,3125
7,343,61,29,7478
7,343,61,30,9536
7,343,61,31,3273
7,343,61,32,3513
7,343,61,33,3377
7,343,61,34,4799
7,343,61,35,5513
7,343,61,36,3364
7,343,61,37,692
7,343,61,38,11359
7,343,61,39,3247
7,343,61,40,760
7,343,61,41,2465
7,343,61,42,4750
7,343,61,43,1445
7,343,61,44,4136
7,343,61,45,1872
7,343,61,46,543
7,343,61,47,12100
7,343,61,48,813
7,343,61,49,16146
7,343,62,0,11440
7,343,62,1,326
7,343,62,2,6509
7,343,62,3,7604
7,343,62,4,1370
7,343,62,5,7971
7,343,62,6,4963
7,343,62,7,2719
7,343,62,8,5036
7,343,62,9,6935
7,343,62,10,5133
7,343,62,11,30613
7,343,62,12,10182
7,343,62,13,1020
7,343,62,14,3006
7,343,62,15,3558
7,343,62,16,730
7,343,62,17,2569
7,343,62,18,11175
7,343,62,19,1584
7,343,62,20,898
7,343,62,21,4963
7,343,62,22,2907
7,343,62,23,7168
7,343,62,24,6840
7,343,62,25,815
7,343,62,26,5343
7,343,62,27,1663
7,343,62,28,1296
7,343,62,29,13442
7,343,62,30,1054
7,343,62,31,1601
7,343,62,32,2252
7,343,62,33,7852
7,343,62,34,3998
7,343,62,35,2392
7,343,62,36,1037
7,343,62,37,9195
7,343,62,38,606
7,343,62,39,7192
7,343,62,40,514
7,343,62,41,240
7,343,62,42,5036
7,343,62,43,2452
7,343,62,44,3145
7,343,62,45,5940
7,343,62,46,5408
7,343,62,47,3002
7,343,62,48,1050
7,343,62,49,883
7,343,63,0,1086
7,343,63,1,3801
7,343,63,2,2617
7,343,63,3,6772
7,343,63,4,4613
7,343,63,5,3846
7,343,63,6,2171
7,343,63,7,1688
7,343,63,8,2850
7,343,63,9,1243
7,343,63,10,3219
7,343,63,11,3453
7,343,63,12,6494
7,343,63,13,7242
7,343,63,14,19657
7,343,63,15,6695
7,343,63,16,11695
7,343,63,17,1362
7,343,63,18,2688
7,343,63,19,10423
7,343,63,20,1926
7,343,63,21,2990
7,343,63,22,3273
7,343,63,23,2725
7,343,63,24,3542
7,343,63,25,10603
7,343,63,26,3281
7,343,63,27,3625
7,343,63,28,12731
7,343,63,29,1690
7,343,63,30,1306
7,343,63,31,10423
7,343,63,32,579
7,343,63,33,1883
7,343,63,34,1079
7,343,63,35,13254
7,343,63,36,2018
7,343,63,37,686
7,343,63,38,5287
7,343,63,39,1761
7,343,63,40,5490
7,343,63,41,1151
7,343,63,42,2043
7,343,63,43,7000
7,343,63,44,550
7,343,63,45,1005
7,343,63,46,2820
7,343,63,47,3234
7,343,63,48,3131
7,343,63,49,3616
7,343,64,0,3466
7,343,64,1,5043
7,343,64,2,3137
7,343,64,3,1108
7,343,64,4,6023
7,343,64,5,7907
7,343,64,6,1512
7,343,64,7,1730
7,343,64,8,10065
7,343,64,9,561
7,343,64,10,2153
7,343,64,11,8438
7,343,64,12,2831
7,343,64,13,6988
7,343,64,14,9044
7,343,64,15,2926
7,343,64,16,1685
7,343,64,17,16709
7,343,64,18,3259
7,343,64,19,9000
7,343,64,20,1387
7,343,64,21,2700
7,343,64,22,3394
7,343,64,23,1402
7,343,64,24,10307
7,343,64,25,2086
7,343,64,26,977
7,343,64,27,22944
7,343,64,28,1063
7,343,64,29,4313
7,343,64,30,8297
7,343,64,31,703
7,343,64,32,285
7,343,64,33,1495
7,343,64,34,1094
7,343,64,35,457
7,343,64,36,3844
7,343,64,37,703
7,343,64,38,970
7,343,64,39,974
7,343,64,40,7308
7,343,64,41,2086
7,343,64,42,762
7,343,64,43,2183
7,343,64,44,4087
7,343,64,45,1359
7,343,64,46,1834
7,343,64,47,4068
7,343,64,48,2881
7,343,64,49,2552
7,343,65,0,1572
7,343,65,1,4182
7,343,65,2,375
7,343,65,3,2048
7,343,65,4,8288
7,343,65,5,679
7,343,65,6,2112
7,343,65,7,1576
7,343,65,8,603
7,343,65,9,4187
7,343,65,10,1061
7,343,65,11,3605
7,343,65,12,4484
7,343,65,13,6996
7,343,65,14,13868
7,343,65,15,476
7,343,65,16,4324
7,343,65,17,3937
7,343,65,18,1228
7,343,65,19,4889
7,343,65,20,3573
7,343,65,21,839
7,343,65,22,13619
7,343,65,23,8771
7,343,65,24,993
7,343,65,25,3089
7,343,65,26,1187
7,343,65,27,6637
7,343,65,28,4514
7,343,65,29,2299
7,343,65,30,11905
7,343,65,31,1490
7,343,65,32,2050
7,343,65,33,10622
7,343,65,34,165
7,343,65,35,5222
7,343,65,36,607
7,343,65,37,2673
7,343,65,38,11909
7,343,65,39,15188
7,343,65,40,7136
7,343,65,41,1012
7,343,65,42,7040
7,343,65,43,2229
7,343,65,44,2171
7,343,65,45,2962
7,343,65,46,7746
7,343,65,47,700
7,343,65,48,3662
7,343,65,49,11696
8,512,66,0,22324
8,512,66,1,5848
8,512,66,2,2199
8,512,66,3,16113
8,512,66,4,28386
8,512,66,5,7016
8,512,66,6,9102
8,512,66,7,7147
8,512,66,8,2281
8,512,66,9,3696
8,512,66,10,5719
8,512,66,11,7459
8,512,66,12,31284
8,512,66,13,11956
8,512,66,14,6141
8,512,66,15,8040
8,512,66,16,19514
8,512,66,17,14042
8,512,66,18,6385
8,512,66,19,19243
8,512,66,20,5232
8,512,66,21,12452
8,512,66,22,4874
8,512,66,23,607
8,512,66,24,3591
8,512,66,25,405
8,512,66,26,782
8,512,66,27,13202
8,512,66,28,4205
8,512,66,29,10174
8,512,66,30,432
8,512,66,31,7461
8,512,66,32,3723
8,512,66,33,31283
8,512,66,34,6543
8,512,66,35,16522
8,512,66,36,3209
8,512,66,37,7640
8,512,66,38,5195
8,512,66,39,12965
8,512,66,40,6833
8,512,66,41,3127
8,512,66,42,437
8,512,66,43,7215
8,512,66,44,6498
8,512,66,45,249
8,512,66,46,13004
8,512,66,47,4625
8,512,66,48,7734
8,512,66,49,2991
8,512,67,0,30749
8,512,67,1,571
8,512,67,2,5940
8,512,67,3,14345
8,512,67,4,9121
8,512,67,5,7562
8,512,67,6,2216
8,512,67,7,9436
8,512,67,8,6524
8,512,67,9,4728
8,512,67,10,3280
8,512,67,11,1170
8,512,67,12,35918
8,512,67,13,6931
8,512,67,14,2678
8,512,67,15,6123
8,512,67,16,16553
8,512,67,17,10655
8,512,67,18,3441
8,512,67,19,1466
8,512,67,20,25099
8,512,67,21,9142
8,512,67,22,2413
8,512,67,23,2396
8,512,67,24,12204
8,512,67,25,7090
8,512,67,26,6479
8,512,67,27,6596
8,512,67,28,8780
8,512,67,29,286
8,512,67,30,2327
8,512,67,31,20069
8,512,67,32,8629
8,512,67,33,3179
8,512,67,34,2611
8,512,67,35,7098
8,512,67,36,3665
8,512,67,37,13911
8,512,67,38,8890
8,512,67,39,3109
8,512,67,40,13050
8,512,67,41,2986
8,512,67,42,8920
8,512,67,43,26513
8,512,67,44,6701
8,512,67,45,3957
8,512,67,46,1069
8,512,67,47,7827
8,512,67,48,8314
8,512,67,49,16101
8,512,68,0,7369
8,512,68,1,1722
8,512,68,2,9525
8,512,68,3,1718
8,512,68,4,7327
8,512,68,5,1731
8,512,68,6,2674
8,512,68,7,19017
8,512,68,8,2181
8,512,68,9,16441
8,512,68,10,9297
8,512,68,11,6787
8,512,68,12,573
8,512,68,13,4002
8,512,68,14,3210
8,512,68,15,397
8,512,68,16,10149
8,512,68,17,12547
8,512,68,18,3576
8,512,68,19,2771
8,512,68,20,985
8,512,68,21,3103
8,512,68,22,9230
8,512,68,23,12252
8,512,68,24,11190
8,512,68,25,9349
8,512,68,26,4038
8,512,68,27,1118
8,512,68,28,4333
8,512,68,29,12103
8,512,68,30,2999
8,512,68,31,9454
8,512,68,32,8993
8,512,68,33,3257
8,512,68,34,3784
8,512,68,35,11251
8,512,68,36,2631
8,512,68,37,12766
8,512,68,38,2031
8,512,68,39,4921
8,512,68,40,298
8,512,68,41,1713
8,512,68,42,9938
8,512,68,43,8027
8,512,68,44,24845
8,512,68,45,13091
8,512,68,46,7659
8,512,68,47,1787
8,512,68,48,2835
8,512,68,49,157
8,512,69,0,2635
8,512,69,1,3765
8,512,69,2,11692
8,512,69,3,11809
8,512,69,4,4591
8,512,69,5,13586
8,512,69,6,7653
8,512,69,7,11293
8,512,69,8,2974
8,512,69,9,1142
8,512,69,10,7501
8,512,69,11,13183
8,512,69,12,1097
8,512,69,13,4211
8,512,69,14,9788
8,512,69,15,6891
8,512,69,16,965
8,512,69,17,4677
8,512,69,18,3238
8,512,69,19,7774
8,512,69,20,12768
8,512,69,21,12559
8,512,69,22,5831
8,512,69,23,6815
8,512,69,24,611
8,512,69,25,11143
8,512,69,26,6107
8,512,69,27,34191
8,512,69,28,5660
8,512,69,29,11434
8,512,69,30,4675
8,512,69,31,3560
8,512,69,32,3495
8,512,69,33,3029
8,512,69,34,13682
8,512,69,35,3761
8,512,69,36,2436
8,512,69,37,10162
8,512,69,38,770
8,512,69,39,10049
8,512,69,40,985
8,512,69,41,22899
8,512,69,42,2808
8,512,69,43,7753
8,512,69,44,3819
8,512,69,45,3704
8,512,69,46,1103
8,512,69,47,5646
8,512,69,48,10003
8,512,69,49,3765
8,512,70,0,12732
8,512,70,1,8736
8,512,70,2,16959
8,512,70,3,1790
8,512,70,4,7173
8,512,70,5,3881
8,512,70,6,48913
8,512,70,7,8843
8,512,70,8,2663
8,512,70,9,2468
8,512,70,10,7085
8,512,70,11,2018
8,512,70,12,2649
8,512,70,13,9440
8,512,70,14,1478
8,512,70,15,9948
8,512,70,16,485
8,512,70,17,5262
8,512,70,18,2148
8,512,70,19,1969
8,512,70,20,2361
8,512,70,21,7944
8,512,70,22,4482
8,512,70,23,5752
8,512,70,24,2580
8,512,70,25,5669
8,512,70,26,3330
8,512,70,27,2107
8,512,70,28,3660
8,512,70,29,12662
8,512,70,30,15368
8,512,70,31,7748
8,512,70,32,4755
8,512,70,33,2144
8,512,70,34,18220
8,512,70,35,3302
8,512,70,36,4590
8,512,70,37,17178
8,512,70,38,11248
8,512,70,39,17905
8,512,70,40,2256
8,512,70,41,1343
8,512,70,42,11120
8,512,70,43,2331
8,512,70,44,15020
8,512,70,45,5045
8,512,70,46,2806
8,512,70,47,5287
8,512,70,48,1137
8,512,70,49,23530
8,512,71,0,18831
8,512,71,1,3759
8,512,71,2,16073
8,512,71,3,17622
8,512,71,4,8375
8,512,71,5,5881
8,512,71,6,14021
8,512,71,7,1848
8,512,71,8,4052
8,512,71,9,5264
8,512,71,10,11586
8,512,71,11,2522
8,512,71,12,3420
8,512,71,13,2935
8,512,71,14,1216
8,512,71,15,7616
8,512,71,16,7248
8,512,71,17,1078
8,512,71,18,855
8,512,71,19,7307
8,512,71,20,4448
8,512,71,21,549
8,512,71,22,11070
8,512,71,23,30009
8,512,71,24,18813
8,512,71,25,1552
8,512,71,26,7441
8,512,71,27,14653
8,512,71,28,19252
8,512,71,29,490
8,512,71,30,11438
8,512,71,31,3103
8,512,71,32,1172
8,512,71,33,3327
8,512,71,34,1003
8,512,71,35,2336
8,512,71,36,3386
8,512,71,37,9141
8,512,71,38,16912
8,512,71,39,8289
8,512,71,40,2415
8,512,71,41,25631
8,512,71,42,9871
8,512,71,43,4490
8,512,71,44,594
8,512,71,45,9216
8,512,71,46,7452
8,512,71,47,28856
8,512,71,48,3885
8,512,71,49,12969
8,512,72,0,10363
8,512,72,1,10809
8,512,72,2,3904
8,512,72,3,420
8,512,72,4,1987
8,512,72,5,1376
8,512,72,6,2330
8,512,72,7,8200
8,512,72,8,5041
8,512,72,9,1095
8,512,72,10,19806
8,512,72,11,2407
8,512,72,12,8081
8,512,72,13,4177
8,512,72,14,15783
8,512,72,15,9894
8,512,72,16,7525
8,512,72,17,4292
8,512,72,18,18355
8,512,72,19,2229
8,512,72,20,1542
8,512,72,21,18289
8,512,72,22,12351
8,512,72,23,5088
8,512,72,24,23070
8,512,72,25,8210
8,512,72,26,8831
8,512,72,27,9401
8,512,72,28,2843
8,512,72,29,3238
8,512,72,30,2084
8,512,72,31,10435
8,512,72,32,4253
8,512,72,33,7112
8,512,72,34,3914
8,512,72,35,3627
8,512,72,36,5301
8,512,72,37,10819
8,512,72,38,2701
8,512,72,39,1253
8,512,72,40,2486
8,512,72,41,4699
8,512,72,42,2941
8,512,72,43,774
8,512,72,44,5492
8,512,72,45,23431
8,512,72,46,7717
8,512,72,47,687
8,512,72,48,12333
8,512,72,49,10863
8,512,73,0,8702
8,512,73,1,8136
8,512,73,2,5752
8,512,73,3,894
8,512,73,4,2459
8,512,73,5,10363
8,512,73,6,1244
8,512,73,7,23598
8,512,73,8,24679
8,512,73,9,9160
8,512,73,10,3987
8,512,73,11,8343
8,512,73,12,4914
8,512,73,13,545
8,512,73,14,40065
8,512,73,15,4675
8,512,73,16,9736
8,512,73,17,13822
8,512,73,18,3256
8,512,73,19,9774
8,512,73,20,2879
8,512,73,21,4925
8,512,73,22,1073
8,512,73,23,10035
8,512,73,24,2026
8,512,73,25,3015
8,512,73,26,11356
8,512,73,27,8480
8,512,73,28,790
8,512,73,29,17116
8,512,73,30,15695
8,512,73,31,1003
8,512,73,32,3819
8,512,73,33,9255
8,512,73,34,3466
8,512,73,35,2611
8,512,73,36,1904
8,512,73,37,5076
8,512,73,38,17181
8,512,73,39,1742
8,512,73,40,10748
8,512,73,41,5091
8,512,73,42,20232
8,512,73,43,7366
8,512,73,44,5156
8,512,73,45,15442
8,512,73,46,2904
8,512,73,47,9081
8,512,73,48,723
8,512,73,49,10092
10,1000,74,0,66071
10,1000,74,1,15185
10,1000,74,2,42761
10,1000,74,3,19120
10,1000,74,4,6218
10,1000,74,5,26312
10,1000,74,6,2208
10,1000,74,7,23201
10,1000,74,8,8872
10,1000,74,9,22270
10,1000,74,10,3738
10,1000,74,11,9325
10,1000,74,12,3603
10,1000,74,13,12098
10,1000,74,14,4618
10,1000,74,15,4420
10,1000,74,16,14449
10,1000,74,17,44790
10,1000,74,18,39032
10,1000,74,19,1578
10,1000,74,20,8450
10,1000,74,21,18771
10,1000,74,22,3275
10,1000,74,23,5757
10,1000,74,24,5070
10,1000,74,25,7995
10,1000,74,26,25192
10,1000,74,27,23801
10,1000,74,28,7334
10,1000,74,29,35075
10,1000,74,30,3062
10,1000,74,31,8277
10,1000,74,32,9450
10,1000,74,33,17965
10,1000,74,34,3688
10,1000,74,35,3843
10,1000,74,36,12880
10,1000,74,37,14366
10,1000,74,38,5277
10,1000,74,39,19364
10,1000,74,40,3924
10,1000,74,41,1470
10,1000,74,42,32381
10,1000,74,43,10212
10,1000,74,44,10170
10,1000,74,45,14551
10,1000,74,46,20962
10,1000,74,47,5065
10,1000,74,48,31216
10,1000,74,49,6745
10,1000,75,0,9734
10,1000,75,1,7970
10,1000,75,2,5230
10,1000,75,3,20241
10,1000,75,4,12886
10,1000,75,5,8154
10,1000,75,6,80981
10,1000,75,7,3506
10,1000,75,8,17967
10,1000,75,9,28348
10,1000,75,10,13537
10,1000,75,11,3263
10,1000,75,12,3479
10,1000,75,13,18653
10,1000,75,14,19706
10,1000,75,15,5608
10,1000,75,16,4008
10,1000,75,17,14315
10,1000,75,18,8462
10,1000,75,19,5705
10,1000,75,20,4374
10,1000,75,21,1920
10,1000,75,22,12993
10,1000,75,23,1681
10,1000,75,24,11833
10,1000,75,25,8277
10,1000,75,26,14087
10,1000,75,27,3621
10,1000,75,28,23090
10,1000,75,29,12212
10,1000,75,30,1802
10,1000,75,31,21601
10,1000,75,32,3772
10,1000,75,33,33994
10,1000,75,34,1496
10,1000,75,35,7670
10,1000,75,36,13972
10,1000,75,37,16902
10,1000,75,38,15225
10,1000,75,39,28564
10,1000,75,40,30013
10,1000,75,41,4837
10,1000,75,42,2102
10,1000,75,43,42123
10,1000,75,44,47494
10,1000,75,45,27172
10,1000,75,46,6704
10,1000,75,47,6140
10,1000,75,48,11472
10,1000,75,49,684
10,1000,76,0,39083
10,1000,76,1,8586
10,1000,76,2,41560
10,1000,76,3,6847
10,1000,76,4,14241
10,1000,76,5,12471
10,1000,76,6,16801
10,1000,76,7,2870
10,1000,76,8,7155
10,1000,76,9,10753
10,1000,76,10,3285
10,1000,76,11,10157
10,1000,76,12,57793
10,1000,76,13,32159
10,1000,76,14,23734
10,1000,76,15,10618
10,1000,76,16,6161
10,1000,76,17,1451
10,1000,76,18,3284
10,1000,76,19,33700
10,1000,76,20,25987
10,1000,76,21,25048
10,1000,76,22,849
10,1000,76,23,9112
10,1000,76,24,13910
10,1000,76,25,25505
10,1000,76,26,857
10,1000,76,27,8371
10,1000,76,28,360
10,1000,76,29,15401
10,1000,76,30,5662
10,1000,76,31,22401
10,1000,76,32,25524
10,1000,76,33,4222
10,1000,76,34,22412
10,1000,76,35,2798
10,1000,76,36,17254
10,1000,76,37,12035
10,1000,76,38,2347
10,1000,76,39,42288
10,1000,76,40,6008
10,1000,76,41,14585
10,1000,76,42,14854
10,1000,76,43,32192
10,1000,76,44,46134
10,1000,76,45,14029
10,1000,76,46,3787
10,1000,76,47,23328
10,1000,76,48,5730
10,1000,76,49,12448
10,1000,77,0,22630
10,1000,77,1,11607
10,1000,77,2,18554
10,1000,77,3,21024
10,1000,77,4,5087
10,1000,77,5,23598
10,1000,77,6,854
10,1000,77,7,8089
10,1000,77,8,15304
10,1000,77,9,5991
10,1000,77,10,16137
10,1000,77,11,35828
10,1000,77,12,9242
10,1000,77,13,1178
10,1000,77,14,18081
10,1000,77,15,38621
10,1000,77,16,16327
10,1000,77,17,53167
10,1000,77,18,30799
10,1000,77,19,22038
10,1000,77,20,1314
10,1000,77,21,43724
10,1000,77,22,45392
10,1000,77,23,9832
10,1000,77,24,11339
10,1000,77,25,1768
10,1000,77,26,29510
10,1000,77,27,1407
10,1000,77,28,27126
10,1000,77,29,13873
10,1000,77,30,1305
10,1000,77,31,1544
10,1000,77,32,956
10,1000,77,33,39672
10,1000,77,34,8349
10,1000,77,35,7137
10,1000,77,36,19624
10,1000,77,37,15777
10,1000,77,38,12951
10,1000,77,39,76298
10,1000,77,40,16391
10,1000,77,41,6944
10,1000,77,42,4273
10,1000,77,43,6303
10,1000,77,44,3525
10,1000,77,45,44735
10,1000,77,46,21351
10,1000,77,47,2506
10,1000,77,48,6005
10,1000,77,49,31852
10,1000,78,0,12820
10,1000,78,1,14854
10,1000,78,2,12694
10,1000,78,3,10283
10,1000,78,4,48251
10,1000,78,5,3484
10,1000,78,6,15599
10,1000,78,7,2648
10,1000,78,8,6305
10,1000,78,9,69675
10,1000,78,10,55729
10,1000,78,11,4610
10,1000,78,12,20422
10,1000,78,13,13346
10,1000,78,14,3946
10,1000,78,15,511
10,1000,78,16,8618
10,1000,78,17,4479
10,1000,78,18,1426
10,1000,78,19,23042
10,1000,78,20,1521
10,1000,78,21,17845
10,1000,78,22,12352
10,1000,78,23,4516
10,1000,78,24,1618
10,1000,78,25,21198
10,1000,78,26,43057
10,1000,78,27,2391
10,1000,78,28,2232
10,1000,78,29,13201
10,1000,78,30,4327
10,1000,78,31,8576
10,1000,78,32,58380
10,1000,78,33,4883
10,1000,78,34,14681
10,1000,78,35,38419
10,1000,78,36,17457
10,1000,78,37,48402
10,1000,78,38,36025
10,1000,78,39,2200
10,1000,78,40,10048
10,1000,78,41,8125
10,1000,78,42,4661
10,1000,78,43,2047
10,1000,78,44,4345
10,1000,78,45,26706
10,1000,78,46,10367
10,1000,78,47,14439
10,1000,78,48,3340
10,1000,78,49,11868
10,1000,79,0,1481
10,1000,79,1,2279
10,1000,79,2,16236
10,1000,79,3,5532
10,1000,79,4,4350
10,1000,79,5,2151
10,1000,79,6,8401
10,1000,79,7,2985
10,1000,79,8,6742
10,1000,79,9,2762
10,1000,79,10,1306
10,1000,79,11,6164
10,1000,79,12,16983
10,1000,79,13,19642
10,1000,79,14,4069
10,1000,79,15,33720
10,1000,79,16,14827
10,1000,79,17,21442
10,1000,79,18,8781
10,1000,79,19,3782
10,1000,79,20,74590
10,1000,79,21,8477
10,1000,79,22,73967
10,1000,79,23,7600
10,1000,79,24,14383
10,1000,79,25,6827
10,1000,79,26,9220
10,1000,79,27,13366
10,1000,79,28,5970
10,1000,79,29,8281
10,1000,79,30,4070
10,1000,79,31,5454
10,1000,79,32,2673
10,1000,79,33,25144
10,1000,79,34,4944
10,1000,79,35,504
10,1000,79,36,3610
10,1000,79,37,9603
10,1000,79,38,35700
10,1000,79,39,27358
10,1000,79,40,11338
10,1000,79,41,19513
10,1000,79,42,59130
10,1000,79,43,4026
10,1000,79,44,4226
10,1000,79,45,2092
10,1000,79,46,29791
10,1000,79,47,524
10,1000,79,48,23413
10,1000,79,49,15744
10,1000,80,0,6402
10,1000,80,1,25662
10,1000,80,2,6366
10,1000,80,3,5176
10,1000,80,4,12927
10,1000,80,5,11640
10,1000,80,6,1014
10,1000,80,7,26294
10,1000,80,8,1800
10,1000,80,9,9842
10,1000,80,10,3469
10,1000,80,11,17055
10,1000,80,12,57707
10,1000,80,13,34495
10,1000,80,14,25575
10,1000,80,15,11332
10,1000,80,16,8550
10,1000,80,17,16034
10,1000,80,18,4203
10,1000,80,19,9456
10,1000,80,20,19313
10,1000,80,21,3054
10,1000,80,22,22076
10,1000,80,23,2057
10,1000,80,24,9313
10,1000,80,25,12225
10,1000,80,26,2784
10,1000,80,27,15586
10,1000,80,28,48003
10,1000,80,29,8917
10,1000,80,30,6526
10,1000,80,31,6074
10,1000,80,32,22470
10,1000,80,33,17026
10,1000,80,34,19658
10,1000,80,35,2941
10,1000,80,36,2949
10,1000,80,37,22149
10,1000,80,38,8334
10,1000,80,39,6387
10,1000,80,40,22598
10,1000,80,41,9522
10,1000,80,42,17332
10,1000,80,43,56476
10,1000,80,44,3335
10,1000,80,45,11022
10,1000,80,46,1506
10,1000,80,47,1423
10,1000,80,48,14979
10,1000,80,49,1681
10,1000,81,0,4833
10,1000,81,1,3065
10,1000,81,2,19686
10,1000,81,3,10045
10,1000,81,4,27213
10,1000,81,5,10781
10,1000,81,6,7709
10,1000,81,7,2165
10,1000,81,8,5395
10,1000,81,9,15422
10,1000,81,10,28259
10,1000,81,11,6228
10,1000,81,12,15877
10,1000,81,13,1313
10,1000,81,14,7083
10,1000,81,15,27004
10,1000,81,16,15423
10,1000,81,17,19773
10,1000,81,18,689
10,1000,81,19,2683
10,1000,81,20,19015
10,1000,81,21,23477
10,1000,81,22,5452
10,1000,81,23,22025
10,1000,81,24,3529
10,1000,81,25,3683
10,1000,81,26,8378
10,1000,81,27,26081
10,1000,81,28,2220
10,1000,81,29,2622
10,1000,81,30,31272
10,1000,81,31,2562
10,1000,81,32,4742
10,1000,81,33,16262
10,1000,81,34,42339
10,1000,81,35,29836
10,1000,81,36,2659
10,1000,81,37,6340
10,1000,81,38,4343
10,1000,81,39,15377
10,1000,81,40,75446
10,1000,81,41,5230
10,1000,81,42,19415
10,1000,81,43,40555
10,1000,81,44,12346
10,1000,81,45,20058
10,1000,81,46,79510
10,1000,81,47,6253
10,1000,81,48,31969
10,1000,81,49,21309
12,1728,82,0,37546
12,1728,82,1,55299
12,1728,82,2,16432
12,1728,82,3,14611
12,1728,82,4,52497
12,1728,82,5,23934
12,1728,82,6,38972
12,1728,82,7,36346
12,1728,82,8,12009
12,1728,82,9,7586
12,1728,82,10,12272
12,1728,82,11,32250
12,1728,82,12,75118
12,1728,82,13,42637
12,1728,82,14,10932
12,1728,82,15,6074
12,1728,82,16,75241
12,1728,82,17,51472
12,1728,82,18,64859
12,1728,82,19,6279
12,1728,82,20,52860
12,1728,82,21,3766
12,1728,82,22,18271
12,1728,82,23,31745
12,1728,82,24,19163
12,1728,82,25,6750
12,1728,82,26,24558
12,1728,82,27,20803
12,1728,82,28,15147
12,1728,82,29,32955
12,1728,82,30,14235
12,1728,82,31,9354
12,1728,82,32,2767
12,1728,82,33,12840
12,1728,82,34,6013
12,1728,82,35,163563
12,1728,82,36,12805
12,1728,82,37,21841
12,1728,82,38,8184
12,1728,82,39,5204
12,1728,82,40,1036
12,1728,82,41,27001
12,1728,82,42,18141
12,1728,82,43,88133
12,1728,82,44,876
12,1728,82,45,22097
12,1728,82,46,7638
12,1728,82,47,12580
12,1728,82,48,5290
12,1728,82,49,33282
12,1728,83,0,21782
12,1728,83,1,14506
12,1728,83,2,8221
12,1728,83,3,3092
12,1728,83,4,31085
12,1728,83,5,27385
12,1728,83,6,54236
12,1728,83,7,43740
12,1728,83,8,35823
12,1728,83,9,16223
12,1728,83,10,127316
12,1728,83,11,18865
12,1728,83,12,4702
12,1728,83,13,2067
12,1728,83,14,14863
12,1728,83,15,56355
12,1728,83,16,2745
12,1728,83,17,44142
12,1728,83,18,27277
12,1728,83,19,18575
12,1728,83,20,16947
12,1728,83,21,38268
12,1728,83,22,6943
12,1728,83,23,10578
12,1728,83,24,19542
12,1728,83,25,27161
12,1728,83,26,1422
12,1728,83,27,14791
12,1728,83,28,22168
12,1728,83,29,9502
12,1728,83,30,28641
12,1728,83,31,61195
12,1728,83,32,750
12,1728,83,33,34467
12,1728,83,34,11883
12,1728,83,35,33431
12,1728,83,36,32839
12,1728,83,37,6097
12,1728,83,38,5462
12,1728,83,39,72758
12,1728,83,40,27374
12,1728,83,41,20874
12,1728,83,42,8320
12,1728,83,43,76456
12,1728,83,44,37650
12,1728,83,45,31864
12,1728,83,46,7043
12,1728,83,47,26017
12,1728,83,48,5591
12,1728,83,49,5383
12,1728,84,0,7310
12,1728,84,1,35245
12,1728,84,2,50548
12,1728,84,3,63970
12,1728,84,4,17859
12,1728,84,5,25463
12,1728,84,6,39123
12,1728,84,7,4568
12,1728,84,8,34043
12,1728,84,9,37673
12,1728,84,10,21965
12,1728,84,11,12795
12,1728,84,12,10715
12,1728,84,13,11357
12,1728,84,14,2090
12,1728,84,15,9377
12,1728,84,16,71217
12,1728,84,17,61906
12,1728,84,18,62548
12,1728,84,19,14893
12,1728,84,20,18634
12,1728,84,21,66514
12,1728,84,22,1926
12,1728,84,23,39698
12,1728,84,24,33052
12,1728,84,25,4367
12,1728,84,26,65051
12,1728,84,27,6265
12,1728,84,28,12901
12,1728,84,29,53506
12,1728,84,30,6653
12,1728,84,31,23103
12,1728,84,32,85749
12,1728,84,33,31371
12,1728,84,34,14172
12,1728,84,35,6928
12,1728,84,36,6422
12,1728,84,37,74400
12,1728,84,38,32756
12,1728,84,39,62209
12,1728,84,40,41230
12,1728,84,41,10584
12,1728,84,42,48868
12,1728,84,43,10919
12,1728,84,44,25654
12,1728,84,45,27117
12,1728,84,46,49839
12,1728,84,47,14862
12,1728,84,48,56631
12,1728,84,49,70631
12,1728,85,0,8747
12,1728,85,1,38084
12,1728,85,2,68415
12,1728,85,3,6807
12,1728,85,4,18933
12,1728,85,5,1562
12,1728,85,6,3163
12,1728,85,7,56932
12,1728,85,8,7591
12,1728,85,9,13597
12,1728,85,10,80343
12,1728,85,11,13315
12,1728,85,12,21156
12,1728,85,13,8203
12,1728,85,14,16471
12,1728,85,15,5303
12,1728,85,16,28792
12,1728,85,17,2199
12,1728,85,18,2609
12,1728,85,19,20917
12,1728,85,20,14991
12,1728,85,21,1200
12,1728,85,22,22849
12,1728,85,23,54343
12,1728,85,24,16733
12,1728,85,25,4160
12,1728,85,26,107757
12,1728,85,27,7824
12,1728,85,28,21078
12,1728,85,29,29644
12,1728,85,30,22327
12,1728,85,31,44338
12,1728,85,32,4072
12,1728,85,33,43337
12,1728,85,34,2640
12,1728,85,35,5134
12,1728,85,36,13485
12,1728,85,37,79942
12,1728,85,38,31855
12,1728,85,39,68678
12,1728,85,40,5088
12,1728,85,41,30176
12,1728,85,42,12671
12,1728,85,43,18263
12,1728,85,44,15169
12,1728,85,45,36067
12,1728,85,46,26391
12,1728,85,47,58237
12,1728,85,48,6178
12,1728,85,49,18134
12,1728,86,0,16961
12,1728,86,1,7778
12,1728,86,2,22081
12,1728,86,3,47004
12,1728,86,4,73201
12,1728,86,5,21796
12,1728,86,6,5551
12,1728,86,7,4015
12,1728,86,8,3033
12,1728,86,9,18930
12,1728,86,10,33143
12,1728,86,11,64078
12,1728,86,12,36654
12,1728,86,13,82311
12,1728,86,14,9377
12,1728,86,15,77742
12,1728,86,16,4067
12,1728,86,17,1840
12,1728,86,18,23606
12,1728,86,19,42774
12,1728,86,20,86115
12,1728,86,21,16166
12,1728,86,22,8816
12,1728,86,23,3268
12,1728,86,24,32602
12,1728,86,25,38785
12,1728,86,26,1465
12,1728,86,27,14003
12,1728,86,28,43166
12,1728,86,29,7612
12,1728,86,30,41273
12,1728,86,31,29900
12,1728,86,32,71795
12,1728,86,33,22776
12,1728,86,34,4217
12,1728,86,35,87759
12,1728,86,36,30986
12,1728,86,37,19927
12,1728,86,38,31578
12,1728,86,39,99074
12,1728,86,40,13684
12,1728,86,41,14164
12,1728,86,42,26196
12,1728,86,43,52669
12,1728,86,44,29695
12,1728,86,45,17708
12,1728,86,46,13571
12,1728,86,47,14995
12,1728,86,48,7027
12,1728,86,49,71579
12,1728,87,0,1583
12,1728,87,1,53491
12,1728,87,2,8378
12,1728,87,3,16815
12,1728,87,4,2549
12,1728,87,5,6371
12,1728,87,6,944
12,1728,87,7,11447
12,1728,87,8,789
12,1728,87,9,41821
12,1728,87,10,1462
12,1728,87,11,4414
12,1728,87,12,23305
12,1728,87,13,50190
12,1728,87,14,13854
12,1728,87,15,2984
12,1728,87,16,71509
12,1728,87,17,6826
12,1728,87,18,27624
12,1728,87,19,62606
12,1728,87,20,968
12,1728,87,21,53983
12,1728,87,22,42274
12,1728,87,23,1747
12,1728,87,24,4520
12,1728,87,25,37419
12,1728,87,26,20320
12,1728,87,27,7178
12,1728,87,28,19779
12,1728,87,29,23045
12,1728,87,30,1827
12,1728,87,31,31977
12,1728,87,32,31585
12,1728,87,33,39170
12,1728,87,34,34127
12,1728,87,35,9291
12,1728,87,36,112709
12,1728,87,37,11730
12,1728,87,38,48335
12,1728,87,39,7802
12,1728,87,40,21349
12,1728,87,41,6967
12,1728,87,42,15454
12,1728,87,43,27208
12,1728,87,44,20943
12,1728,87,45,6040
12,1728,87,46,8079
12,1728,87,47,29798
12,1728,87,48,54729
12,1728,87,49,6284
12,1728,88,0,35996
12,1728,88,1,9884
12,1728,88,2,57828
12,1728,88,3,8450
12,1728,88,4,20181
12,1728,88,5,67659
12,1728,88,6,4566
12,1728,88,7,38559
12,1728,88,8,12161
12,1728,88,9,1737
12,1728,88,10,11916
12,1728,88,11,5584
12,1728,88,12,132358
12,1728,88,13,123427
12,1728,88,14,21308
12,1728,88,15,54379
12,1728,88,16,1291
12,1728,88,17,14335
12,1728,88,18,10589
12,1728,88,19,24312
12,1728,88,20,2574
12,1728,88,21,11224
12,1728,88,22,25239
12,1728,88,23,4470
12,1728,88,24,49589
12,1728,88,25,44840
12,1728,88,26,7522
12,1728,88,27,62535
12,1728,88,28,18755
12,1728,88,29,86354
12,1728,88,30,3914
12,1728,88,31,80639
12,1728,88,32,13710
12,1728,88,33,14127
12,1728,88,34,4635
12,1728,88,35,13566
12,1728,88,36,17846
12,1728,88,37,15785
12,1728,88,38,54309
12,1728,88,39,11496
12,1728,88,40,15912
12,1728,88,41,44102
12,1728,88,42,7079
12,1728,88,43,23935
12,1728,88,44,23819
12,1728,88,45,10978
12,1728,88,46,1791
12,1728,88,47,36967
12,1728,88,48,19629
12,1728,88,49,29363
12,1728,89,0,60259
12,1728,89,1,151090
12,1728,89,2,18728
12,1728,89,3,30881
12,1728,89,4,9585
12,1728,89,5,9278
12,1728,89,6,11000
12,1728,89,7,10218
12,1728,89,8,13835
12,1728,89,9,2189
12,1728,89,10,10950
12,1728,89,11,3481
12,1728,89,12,22623
12,1728,89,13,31545
12,1728,89,14,140915
12,1728,89,15,5378
12,1728,89,16,19961
12,1728,89,17,2522
12,1728,89,18,59137
12,1728,89,19,9058
12,1728,89,20,8270
12,1728,89,21,2439
12,1728,89,22,100929
12,1728,89,23,14457
12,1728,89,24,97176
12,1728,89,25,11944
12,1728,89,26,7160
12,1728,89,27,74791
12,1728,89,28,23096
12,1728,89,29,8363
12,1728,89,30,2962
12,1728,89,31,113332
12,1728,89,32,47114
12,1728,89,33,4407
12,1728,89,34,42079
12,1728,89,35,40072
12,1728,89,36,14033
12,1728,89,37,10944
12,1728,89,38,43714
12,1728,89,39,3781
12,1728,89,40,1415
12,1728,89,41,5746
12,1728,89,42,14813
12,1728,89,43,51426
12,1728,89,44,17566
12,1728,89,45,24236
12,1728,89,46,14322
12,1728,89,47,12296
12,1728,89,48,44460
12,1728,89,49,9398
14,2744,90,0,2485
14,2744,90,1,8946
14,2744,90,2,49931
14,2744,90,3,7905
14,2744,90,4,48919
14,2744,90,5,3589
14,2744,90,6,1538
14,2744,90,7,72689
14,2744,90,8,41564
14,2744,90,9,28509
14,2744,90,10,42823
14,2744,90,11,125384
14,2744,90,12,122357
14,2744,90,13,91702
14,2744,90,14,28353
14,2744,90,15,46228
14,2744,90,16,37985
14,2744,90,17,14029
14,2744,90,18,11629
14,2744,90,19,26855
14,2744,90,20,110318
14,2744,90,21,33444
14,2744,90,22,128820
14,2744,90,23,37530
14,2744,90,24,46503
14,2744,90,25,134668
14,2744,90,26,18958
14,2744,90,27,58091
14,2744,90,28,54988
14,2744,90,29,140020
14,2744,90,30,21774
14,2744,90,31,58871
14,2744,90,32,153508
14,2744,90,33,15657
14,2744,90,34,1319
14,2744,90,35,15877
14,2744,90,36,47015
14,2744,90,37,19086
14,2744,90,38,9532
14,2744,90,39,31153
14,2744,90,40,33599
14,2744,90,41,24954
14,2744,90,42,75324
14,2744,90,43,33717
14,2744,90,44,32767
14,2744,90,45,61868
14,2744,90,46,14535
14,2744,90,47,7519
14,2744,90,48,1505
14,2744,90,49,31363
14,2744,91,0,43435
14,2744,91,1,78082
14,2744,91,2,56274
14,2744,91,3,34841
14,2744,91,4,7399
14,2744,91,5,35951
14,2744,91,6,49689
14,2744,91,7,12691
14,2744,91,8,35088
14,2744,91,9,12208
14,2744,91,10,10161
14,2744,91,11,84759
14,2744,91,12,45972
14,2744,91,13,124037
14,2744,91,14,47468
14,2744,91,15,10519
14,2744,91,16,82199
14,2744,91,17,2091
14,2744,91,18,36890
14,2744,91,19,130478
14,2744,91,20,35258
14,2744,91,21,22326
14,2744,91,22,19161
14,2744,91,23,47347
14,2744,91,24,14275
14,2744,91,25,31339
14,2744,91,26,19889
14,2744,91,27,61603
14,2744,91,28,16459
14,2744,91,29,72044
14,2744,91,30,52228
14,2744,91,31,43620
14,2744,91,32,86433
14,2744,91,33,22735
14,2744,91,34,176386
14,2744,91,35,14618
14,2744,91,36,741
14,2744,91,37,122090
14,2744,91,38,40681
14,2744,91,39,18523
14,2744,91,40,34509
14,2744,91,41,9296
14,2744,91,42,116428
14,2744,91,43,32955
14,2744,91,44,22765
14,2744,91,45,41707
14,2744,91,46,61801
14,2744,91,47,140657
14,2744,91,48,41985
14,2744,91,49,83157
14,2744,92,0,44621
14,2744,92,1,21833
14,2744,92,2,22600
14,2744,92,3,44257
14,2744,92,4,18346
14,2744,92,5,9591
14,2744,92,6,68919
14,2744,92,7,13548
14,2744,92,8,57574
14,2744,92,9,20654
14,2744,92,10,165404
14,2744,92,11,21197
14,2744,92,12,26039
14,2744,92,13,39579
14,2744,92,14,23830
14,2744,92,15,2902
14,2744,92,16,33568
14,2744,92,17,29641
14,2744,92,18,90031
14,2744,92,19,15481
14,2744,92,20,54791
14,2744,92,21,16172
14,2744,92,22,21683
14,2744,92,23,58643
14,2744,92,24,51837
14,2744,92,25,12197
14,2744,92,26,5818
14,2744,92,27,183952
14,2744,92,28,24691
14,2744,92,29,7761
14,2744,92,30,253510
14,2744,92,31,40181
14,2744,92,32,26140
14,2744,92,33,16974
14,2744,92,34,153084
14,2744,92,35,65637
14,2744,92,36,82908
14,2744,92,37,38971
14,2744,92,38,141279
14,2744,92,39,56462
14,2744,92,40,6410
14,2744,92,41,12188
14,2744,92,42,21556
14,2744,92,43,59461
14,2744,92,44,49532
14,2744,92,45,23441
14,2744,92,46,20894
14,2744,92,47,3697
14,2744,92,48,61988
14,2744,92,49,16365
14,2744,93,0,21428
14,2744,93,1,62465
14,2744,93,2,105268
14,2744,93,3,65131
14,2744,93,4,24453
14,2744,93,5,10332
14,2744,93,6,59934
14,2744,93,7,99294
14,2744,93,8,36348
14,2744,93,9,41551
14,2744,93,10,25455
14,2744,93,11,3904
14,2744,93,12,93478
14,2744,93,13,12543
14,2744,93,14,12930
14,2744,93,15,8036
14,2744,93,16,29893
14,2744,93,17,31785
14,2744,93,18,126432
14,2744,93,19,25539
14,2744,93,20,36720
14,2744,93,21,7001
14,2744,93,22,5601
14,2744,93,23,179047
14,2744,93,24,35352
14,2744,93,25,133046
14,2744,93,26,59076
14,2744,93,27,13314
14,2744,93,28,41154
14,2744,93,29,28699
14,2744,93,30,33935
14,2744,93,31,33921
14,2744,93,32,7499
14,2744,93,33,11537
14,2744,93,34,15174
14,2744,93,35,23083
14,2744,93,36,30786
14,2744,93,37,31307
14,2744,93,38,18258
14,2744,93,39,19049
14,2744,93,40,108532
14,2744,93,41,57658
14,2744,93,42,43176
14,2744,93,43,114131
14,2744,93,44,73679
14,2744,93,45,8265
14,2744,93,46,44395
14,2744,93,47,181172
14,2744,93,48,49173
14,2744,93,49,108199
14,2744,94,0,90676
14,2744,94,1,41023
14,2744,94,2,82523
14,2744,94,3,31044
14,2744,94,4,46222
14,2744,94,5,34990
14,2744,94,6,29220
14,2744,94,7,4170
14,2744,94,8,9880
14,2744,94,9,8184
14,2744,94,10,9063
14,2744,94,11,6252
14,2744,94,12,40815
14,2744,94,13,8609
14,2744,94,14,54100
14,2744,94,15,24104
14,2744,94,16,119927
14,2744,94,17,11023
14,2744,94,18,22452
14,2744,94,19,10141
14,2744,94,20,91612
14,2744,94,21,50091
14,2744,94,22,60080
14,2744,94,23,96251
14,2744,94,24,34553
14,2744,94,25,106777
14,2744,94,26,91141
14,2744,94,27,33299
14,2744,94,28,20421
14,2744,94,29,36912
14,2744,94,30,33269
14,2744,94,31,7970
14,2744,94,32,39979
14,2744,94,33,23748
14,2744,94,34,14173
14,2744,94,35,32461
14,2744,94,36,94739
14,2744,94,37,17630
14,2744,94,38,91509
14,2744,94,39,21010
14,2744,94,40,7925
14,2744,94,41,25818
14,2744,94,42,102996
14,2744,94,43,8130
14,2744,94,44,48632
14,2744,94,45,19197
14,2744,94,46,65172
14,2744,94,47,47611
14,2744,94,48,28130
14,2744,94,49,174011
14,2744,95,0,143893
14,2744,95,1,20060
14,2744,95,2,46295
14,2744,95,3,2542
14,2744,95,4,2575
14,2744,95,5,47859
14,2744,95,6,103207
14,2744,95,7,76086
14,2744,95,8,64734
14,2744,95,9,7326
14,2744,95,10,141593
14,2744,95,11,8332
14,2744,95,12,22960
14,2744,95,13,69725
14,2744,95,14,13227
14,2744,95,15,136222
14,2744,95,16,12481
14,2744,95,17,29235
14,2744,95,18,9877
14,2744,95,19,64694
14,2744,95,20,5670
14,2744,95,21,11530
14,2744,95,22,17220
14,2744,95,23,58135
14,2744,95,24,7260
14,2744,95,25,85089
14,2744,95,26,10121
14,2744,95,27,102032
14,2744,95,28,224486
14,2744,95,29,54069
14,2744,95,30,220292
14,2744,95,31,8759
14,2744,95,32,50704
14,2744,95,33,36437
14,2744,95,34,59552
14,2744,95,35,41110
14,2744,95,36,191172
14,2744,95,37,43716
14,2744,95,38,43654
14,2744,95,39,53194
14,2744,95,40,15131
14,2744,95,41,7145
14,2744,95,42,37870
14,2744,95,43,22423
14,2744,95,44,26018
14,2744,95,45,31126
14,2744,95,46,13557
14,2744,95,47,59440
14,2744,95,48,122776
14,2744,95,49,16322
14,2744,96,0,4234
14,2744,96,1,20727
14,2744,96,2,12683
14,2744,96,3,40062
14,2744,96,4,152986
14,2744,96,5,68777
14,2744,96,6,27922
14,2744,96,7,151357
14,2744,96,8,50631
14,2744,96,9,51953
14,2744,96,10,19202
14,2744,96,11,54836
14,2744,96,12,15856
14,2744,96,13,36929
14,2744,96,14,12315
14,2744,96,15,2129
14,2744,96,16,187786
14,2744,96,17,37500
14,2744,96,18,106827
14,2744,96,19,29283
14,2744,96,20,10265
14,2744,96,21,32029
14,2744,96,22,12456
14,2744,96,23,41541
14,2744,96,24,7147
14,2744,96,25,8656
14,2744,96,26,29749
14,2744,96,27,38772
14,2744,96,28,31173
14,2744,96,29,70155
14,2744,96,30,8159
14,2744,96,31,86235
14,2744,96,32,7229
14,2744,96,33,53870
14,2744,96,34,91868
14,2744,96,35,37530
14,2744,96,36,69778
14,2744,96,37,67118
14,2744,96,38,18840
14,2744,96,39,35459
14,2744,96,40,5649
14,2744,96,41,56505
14,2744,96,42,27893
14,2744,96,43,81450
14,2744,96,44,21075
14,2744,96,45,89992
14,2744,96,46,43582
14,2744,96,47,53044
14,2744,96,48,10105
14,2744,96,49,11347
14,2744,97,0,25553
14,2744,97,1,44419
14,2744,97,2,101170
14,2744,97,3,29362
14,2744,97,4,36058
14,2744,97,5,28517
14,2744,97,6,39002
14,2744,97,7,60209
14,2744,97,8,11771
14,2744,97,9,31611
14,2744,97,10,10277
14,2744,97,11,865
14,2744,97,12,7797
14,2744,97,13,17426
14,2744,97,14,48430
14,2744,97,15,20540
14,2744,97,16,29398
14,2744,97,17,26517
14,2744,97,18,48382
14,2744,97,19,19530
14,2744,97,20,101460
14,2744,97,21,59730
14,2744,97,22,32679
14,2744,97,23,40480
14,2744,97,24,10993
14,2744,97,25,103040
14,2744,97,26,12104
14,2744,97,27,54942
14,2744,97,28,79893
14,2744,97,29,17087
14,2744,97,30,101207
14,2744,97,31,24884
14,2744,97,32,18062
14,2744,97,33,71280
14,2744,97,34,33247
14,2744,97,35,12843
14,2744,97,36,38446
14,2744,97,37,21089
14,2744,97,38,66691
14,2744,97,39,36958
14,2744,97,40,32090
14,2744,97,41,14701
14,2744,97,42,55155
14,2744,97,43,61606
14,2744,97,44,121849
14,2744,97,45,53939
14,2744,97,46,23776
14,2744,97,47,72932
14,2744,97,48,110924
14,2744,97,49,30947
16,4096,98,0,334744
16,4096,98,1,82621
16,4096,98,2,99229
16,4096,98,3,4245
16,4096,98,4,291979
16,4096,98,5,120922
16,4096,98,6,3567
16,4096,98,7,30595
16,4096,98,8,26775
16,4096,98,9,130229
16,4096,98,10,319709
16,4096,98,11,13470
16,4096,98,12,32850
16,4096,98,13,55805
16,4096,98,14,98476
16,4096,98,15,59824
16,4096,98,16,89251
16,4096,98,17,59448
16,4096,98,18,67621
16,4096,98,19,19076
16,4096,98,20,13825
16,4096,98,21,163134
16,4096,98,22,382983
16,4096,98,23,98750
16,4096,98,24,18608
16,4096,98,25,181807
16,4096,98,26,107047
16,4096,98,27,238859
16,4096,98,28,127631
16,4096,98,29,64454
16,4096,98,30,199024
16,4096,98,31,38879
16,4096,98,32,225894
16,4096,98,33,10654
16,4096,98,34,85438
16,4096,98,35,49619
16,4096,98,36,13855
16,4096,98,37,74093
16,4096,98,38,158652
16,4096,98,39,121237
16,4096,98,40,111044
16,4096,98,41,32873
16,4096,98,42,18851
16,4096,98,43,121014
16,4096,98,44,240382
16,4096,98,45,46120
16,4096,98,46,83334
16,4096,98,47,24036
16,4096,98,48,61720
16,4096,98,49,80418
16,4096,99,0,23838
16,4096,99,1,9315
16,4096,99,2,17622
16,4096,99,3,57213
16,4096,99,4,61165
16,4096,99,5,53233
16,4096,99,6,59487
16,4096,99,7,45874
16,4096,99,8,105035
16,4096,99,9,154385
16,4096,99,10,26522
16,4096,99,11,40922
16,4096,99,12,270185
16,4096,99,13,58747
16,4096,99,14,107608
16,4096,99,15,37271
16,4096,99,16,8671
16,4096,99,17,115665
16,4096,99,18,22539
16,4096,99,19,17807
16,4096,99,20,76904
16,4096,99,21,34419
16,4096,99,22,81448
16,4096,99,23,3706
16,4096,99,24,15985
16,4096,99,25,91122
16,4096,99,26,25567
16,4096,99,27,71540
16,4096,99,28,20124
16,4096,99,29,14672
16,4096,99,30,90812
16,4096,99,31,83697
16,4096,99,32,182581
16,4096,99,33,213516
16,4096,99,34,26714
16,4096,99,35,70217
16,4096,99,36,48735
16,4096,99,37,65164
16,4096,99,38,64160
16,4096,99,39,5393
16,4096,99,40,10372
16,4096,99,41,94853
16,4096,99,42,95679
16,4096,99,43,93121
16,4096,99,44,86446
16,4096,99,45,144269
16,4096,99,46,28092
16,4096,99,47,52144
16,4096,99,48,89896
16,4096,99,49,50285
16,4096,100,0,112608
16,4096,100,1,61905
16,4096,100,2,18687
16,4096,100,3,66193
16,4096,100,4,54610
16,4096,100,5,134958
16,4096,100,6,30296
16,4096,100,7,16536
16,4096,100,8,8248
16,4096,100,9,83415
16,4096,100,10,64661
16,4096,100,11,175305
16,4096,100,12,93793
16,4096,100,13,4646
16,4096,100,14,75758
16,4096,100,15,27442
16,4096,100,16,31050
16,4096,100,17,26492
16,4096,100,18,56776
16,4096,100,19,43697
16,4096,100,20,15896
16,4096,100,21,20273
16,4096,100,22,53639
16,4096,100,23,14722
16,4096,100,24,73801
16,4096,100,25,30144
16,4096,100,26,139679
16,4096,100,27,96531
16,4096,100,28,44439
16,4096,100,29,16845
16,4096,100,30,88502
16,4096,100,31,105963
16,4096,100,32,93747
16,4096,100,33,83471
16,4096,100,34,40172
16,4096,100,35,29847
16,4096,100,36,1822
16,4096,100,37,57061
16,4096,100,38,75990
16,4096,100,39,223609
16,4096,100,40,1221
16,4096,100,41,2280
16,4096,100,42,83947
16,4096,100,43,39234
16,4096,100,44,103131
16,4096,100,45,31816
16,4096,100,46,17106
16,4096,100,47,12416
16,4096,100,48,201129
16,4096,100,49,58562
16,4096,101,0,206989
16,4096,101,1,22568
16,4096,101,2,82162
16,4096,101,3,125800
16,4096,101,4,123205
16,4096,101,5,8063
16,4096,101,6,52726
16,4096,101,7,68883
16,4096,101,8,30720
16,4096,101,9,71134
16,4096,101,10,193205
16,4096,101,11,4242
16,4096,101,12,3529
16,4096,101,13,22752
16,4096,101,14,3785
16,4096,101,15,531926
16,4096,101,16,116820
16,4096,101,17,173860
16,4096,101,18,125259
16,4096,101,19,16353
16,4096,101,20,85391
16,4096,101,21,104800
16,4096,101,22,11566
16,4096,101,23,15571
16,4096,101,24,18978
16,4096,101,25,185908
16,4096,101,26,14536
16,4096,101,27,107258
16,4096,101,28,103118
16,4096,101,29,11685
16,4096,101,30,241147
16,4096,101,31,22496
16,4096,101,32,36394
16,4096,101,33,208930
16,4096,101,34,57301
16,4096,101,35,32516
16,4096,101,36,77495
16,4096,101,37,102893
16,4096,101,38,40743
16,4096,101,39,17923
16,4096,101,40,272306
16,4096,101,41,153889
16,4096,101,42,26949
16,4096,101,43,68885
16,4096,101,44,30847
16,4096,101,45,3214
16,4096,101,46,173229
16,4096,101,47,19790
16,4096,101,48,37975
16,4096,101,49,171109
16,4096,102,0,322388
16,4096,102,1,22376
16,4096,102,2,108570
16,4096,102,3,34886
16,4096,102,4,966
16,4096,102,5,9399
16,4096,102,6,17485
16,4096,102,7,191033
16,4096,102,8,8230
16,4096,102,9,80521
16,4096,102,10,21399
16,4096,102,11,50777
16,4096,102,12,22098
16,4096,102,13,45318
16,4096,102,14,97886
16,4096,102,15,28563
16,4096,102,16,36675
16,4096,102,17,161292
16,4096,102,18,35748
16,4096,102,19,224224
16,4096,102,20,40200
16,4096,102,21,27301
16,4096,102,22,27408
16,4096,102,23,74856
16,4096,102,24,47212
16,4096,102,25,55129
16,4096,102,26,240065
16,4096,102,27,22842
16,4096,102,28,66137
16,4096,102,29,62782
16,4096,102,30,62135
16,4096,102,31,112331
16,4096,102,32,8603
16,4096,102,33,20846
16,4096,102,34,66870
16,4096,102,35,85312
16,4096,102,36,73767
16,4096,102,37,23894
16,4096,102,38,12867
16,4096,102,39,39699
16,4096,102,40,5021
16,4096,102,41,23619
16,4096,102,42,125704
16,4096,102,43,29885
16,4096,102,44,57468
16,4096,102,45,47401
16,4096,102,46,26749
16,4096,102,47,196458
16,4096,102,48,30571
16,4096,102,49,90484
16,4096,103,0,157758
16,4096,103,1,127239
16,4096,103,2,63812
16,4096,103,3,8121
16,4096,103,4,107459
16,4096,103,5,127937
16,4096,103,6,18361
16,4096,103,7,45737
16,4096,103,8,172149
16,4096,103,9,39703
16,4096,103,10,44727
16,4096,103,11,145443
16,4096,103,12,16871
16,4096,103,13,18037
16,4096,103,14,8395
16,4096,103,15,13924
16,4096,103,16,14282
16,4096,103,17,149130
16,4096,103,18,68875
16,4096,103,19,7931
16,4096,103,20,202556
16,4096,103,21,348423
16,4096,103,22,7368
16,4096,103,23,73881
16,4096,103,24,53623
16,4096,103,25,191695
16,4096,103,26,41106
16,4096,103,27,43911
16,4096,103,28,140238
16,4096,103,29,45262
16,4096,103,30,251962
16,4096,103,31,104243
16,4096,103,32,59960
16,4096,103,33,91969
16,4096,103,34,40075
16,4096,103,35,284727
16,4096,103,36,10408
16,4096,103,37,48110
16,4096,103,38,17465
16,4096,103,39,75121
16,4096,103,40,39604
16,4096,103,41,9030
16,4096,103,42,49383
16,4096,103,43,52366
16,4096,103,44,4431
16,4096,103,45,131394
16,4096,103,46,159563
16,4096,103,47,4323
16,4096,103,48,131265
16,4096,103,49,74296
16,4096,104,0,25847
16,4096,104,1,6262
16,4096,104,2,2451
16,4096,104,3,59705
16,4096,104,4,131337
16,4096,104,5,41794
16,4096,104,6,38040
16,4096,104,7,52711
16,4096,104,8,5911
16,4096,104,9,108169
16,4096,104,10,180568
16,4096,104,11,172842
16,4096,104,12,91412
16,4096,104,13,104409
16,4096,104,14,4434
16,4096,104,15,138314
16,4096,104,16,125251
16,4096,104,17,25226
16,4096,104,18,123461
16,4096,104,19,51420
16,4096,104,20,85799
16,4096,104,21,37633
16,4096,104,22,34845
16,4096,104,23,194772
16,4096,104,24,28975
16,4096,104,25,7324
16,4096,104,26,115443
16,4096,104,27,70068
16,4096,104,28,169730
16,4096,104,29,51336
16,4096,104,30,14804
16,4096,104,31,50922
16,4096,104,32,14153
16,4096,104,33,68000
16,4096,104,34,573869
16,4096,104,35,245163
16,4096,104,36,2699
16,4096,104,37,12930
16,4096,104,38,19644
16,4096,104,39,12908
16,4096,104,40,32346
16,4096,104,41,33570
16,4096,104,42,104695
16,4096,104,43,100338
16,4096,104,44,47837
16,4096,104,45,9720
16,4096,104,46,73546
16,4096,104,47,80863
16,4096,104,48,50466
16,4096,104,49,15944
16,4096,105,0,2258
16,4096,105,1,131949
16,4096,105,2,36762
16,4096,105,3,155485
16,4096,105,4,187044
16,4096,105,5,3172
16,4096,105,6,74111
16,4096,105,7,63166
16,4096,105,8,87143
16,4096,105,9,11102
16,4096,105,10,93123
16,4096,105,11,24412
16,4096,105,12,54094
16,4096,105,13,186082
16,4096,105,14,87201
16,4096,105,15,141572
16,4096,105,16,651771
16,4096,105,17,183182
16,4096,105,18,78862
16,4096,105,19,138199
16,4096,105,20,42683
16,4096,105,21,27137
16,4096,105,22,3097
16,4096,105,23,20729
16,4096,105,24,2426
16,4096,105,25,82466
16,4096,105,26,27415
16,4096,105,27,67581
16,4096,105,28,70881
16,4096,105,29,55917
16,4096,105,30,8960
16,4096,105,31,5194
16,4096,105,32,84351
16,4096,105,33,271215
16,4096,105,34,42187
16,4096,105,35,19586
16,4096,105,36,12314
16,4096,105,37,417494
16,4096,105,38,181887
16,4096,105,39,22927
16,4096,105,40,17933
16,4096,105,41,8178
16,4096,105,42,70844
16,4096,105,43,70723
16,4096,105,44,60563
16,4096,105,45,31838
16,4096,105,46,229695
16,4096,105,47,304331
16,4096,105,48,17371
16,4096,105,49,18884
18,5832,106,0,7248
18,5832,106,1,53044
18,5832,106,2,14781
18,5832,106,3,86901
18,5832,106,4,106267
18,5832,106,5,28559
18,5832,106,6,150914
18,5832,106,7,189144
18,5832,106,8,8626
18,5832,106,9,55036
18,5832,106,10,50410
18,5832,106,11,7132
18,5832,106,12,10202
18,5832,106,13,36907
18,5832,106,14,67887
18,5832,106,15,104551
18,5832,106,16,41289
18,5832,106,17,112062
18,5832,106,18,144376
18,5832,106,19,16089
18,5832,106,20,122788
18,5832,106,21,147439
18,5832,106,22,54905
18,5832,106,23,11969
18,5832,106,24,268265
18,5832,106,25,15328
18,5832,106,26,43595
18,5832,106,27,105592
18,5832,106,28,4322
18,5832,106,29,50652
18,5832,106,30,91429
18,5832,106,31,9083
18,5832,106,32,194927
18,5832,106,33,374444
18,5832,106,34,93230
18,5832,106,35,56268
18,5832,106,36,17405
18,5832,106,37,111856
18,5832,106,38,137000
18,5832,106,39,119187
18,5832,106,40,94320
18,5832,106,41,113444
18,5832,106,42,105408
18,5832,106,43,11379
18,5832,106,44,38761
18,5832,106,45,16911
18,5832,106,46,151453
18,5832,106,47,46414
18,5832,106,48,69888
18,5832,106,49,103938
18,5832,107,0,285358
18,5832,107,1,22069
18,5832,107,2,67263
18,5832,107,3,24808
18,5832,107,4,82538
18,5832,107,5,263130
18,5832,107,6,181882
18,5832,107,7,336238
18,5832,107,8,64547
18,5832,107,9,107263
18,5832,107,10,165272
18,5832,107,11,270581
18,5832,107,12,384316
18,5832,107,13,88168
18,5832,107,14,139985
18,5832,107,15,21202
18,5832,107,16,524379
18,5832,107,17,519597
18,5832,107,18,122062
18,5832,107,19,14194
18,5832,107,20,13153
18,5832,107,21,226445
18,5832,107,22,123626
18,5832,107,23,49161
18,5832,107,24,75491
18,5832,107,25,44210
18,5832,107,26,145362
18,5832,107,27,3916
18,5832,107,28,70523
18,5832,107,29,12400
18,5832,107,30,11794
18,5832,107,31,448661
18,5832,107,32,295726
18,5832,107,33,204219
18,5832,107,34,114711
18,5832,107,35,68841
18,5832,107,36,57035
18,5832,107,37,31507
18,5832,107,38,77833
18,5832,107,39,139303
18,5832,107,40,91767
18,5832,107,41,243871
18,5832,107,42,184227
18,5832,107,43,7586
18,5832,107,44,174618
18,5832,107,45,95378
18,5832,107,46,270565
18,5832,107,47,103353
18,5832,107,48,75519
18,5832,107,49,39600
18,5832,108,0,28090
18,5832,108,1,30739
18,5832,108,2,10539
18,5832,108,3,23414
18,5832,108,4,172760
18,5832,108,5,108731
18,5832,108,6,4687
18,5832,108,7,55156
18,5832,108,8,74503
18,5832,108,9,20232
18,5832,108,10,30149
18,5832,108,11,114040
18,5832,108,12,43932
18,5832,108,13,49851
18,5832,108,14,134816
18,5832,108,15,96130
18,5832,108,16,20355
18,5832,108,17,2259
18,5832,108,18,68005
18,5832,108,19,9545
18,5832,108,20,75943
18,5832,108,21,4381
18,5832,108,22,243091
18,5832,108,23,40477
18,5832,108,24,19713
18,5832,108,25,45100
18,5832,108,26,115301
18,5832,108,27,22746
18,5832,108,28,10529
18,5832,108,29,26952
18,5832,108,30,24174
18,5832,108,31,40834
18,5832,108,32,25943
18,5832,108,33,28653
18,5832,108,34,133278
18,5832,108,35,7658
18,5832,108,36,90808
18,5832,108,37,75853
18,5832,108,38,21899
18,5832,108,39,138686
18,5832,108,40,503378
18,5832,108,41,23036
18,5832,108,42,148045
18,5832,108,43,18825
18,5832,108,44,173053
18,5832,108,45,7335
18,5832,108,46,129038
18,5832,108,47,26318
18,5832,108,48,135835
18,5832,108,49,22531
18,5832,109,0,38678
18,5832,109,1,57678
18,5832,109,2,102837
18,5832,109,3,261285
18,5832,109,4,134780
18,5832,109,5,191257
18,5832,109,6,70378
18,5832,109,7,16431
18,5832,109,8,46478
18,5832,109,9,242963
18,5832,109,10,222448
18,5832,109,11,67545
18,5832,109,12,7451
18,5832,109,13,8966
18,5832,109,14,108148
18,5832,109,15,151469
18,5832,109,16,178061
18,5832,109,17,24525
18,5832,109,18,141105
18,5832,109,19,66998
18,5832,109,20,211271
18,5832,109,21,67421
18,5832,109,22,77311
18,5832,109,23,39185
18,5832,109,24,53869
18,5832,109,25,72845
18,5832,109,26,327847
18,5832,109,27,100756
18,5832,109,28,6445
18,5832,109,29,90765
18,5832,109,30,52774
18,5832,109,31,229245
18,5832,109,32,165277
18,5832,109,33,29001
18,5832,109,34,34454
18,5832,109,35,103213
18,5832,109,36,26335
18,5832,109,37,146400
18,5832,109,38,109808
18,5832,109,39,46232
18,5832,109,40,27802
18,5832,109,41,25490
18,5832,109,42,5890
18,5832,109,43,56749
18,5832,109,44,272875
18,5832,109,45,49579
18,5832,109,46,122690
18,5832,109,47,176237
18,5832,109,48,35962
18,5832,109,49,32787
18,5832,110,0,426985
18,5832,110,1,6087
18,5832,110,2,51499
18,5832,110,3,168655
18,5832,110,4,216156
18,5832,110,5,249195
18,5832,110,6,80637
18,5832,110,7,8885
18,5832,110,8,19520
18,5832,110,9,209525
18,5832,110,10,49024
18,5832,110,11,242567
18,5832,110,12,77679
18,5832,110,13,138699
18,5832,110,14,110577
18,5832,110,15,127605
18,5832,110,16,114760
18,5832,110,17,35284
18,5832,110,18,22067
18,5832,110,19,14880
18,5832,110,20,101407
18,5832,110,21,190728
18,5832,110,22,330944
18,5832,110,23,13339
18,5832,110,24,18745
18,5832,110,25,74342
18,5832,110,26,266353
18,5832,110,27,58475
18,5832,110,28,17617
18,5832,110,29,36300
18,5832,110,30,65564
18,5832,110,31,271818
18,5832,110,32,70616
18,5832,110,33,140320
18,5832,110,34,55095
18,5832,110,35,140696
18,5832,110,36,83404
18,5832,110,37,115304
18,5832,110,38,464257
18,5832,110,39,9800
18,5832,110,40,104549
18,5832,110,41,17549
18,5832,110,42,41196
18,5832,110,43,106031
18,5832,110,44,127885
18,5832,110,45,157349
18,5832,110,46,350797
18,5832,110,47,79123
18,5832,110,48,70452
18,5832,110,49,492361
18,5832,111,0,127662
18,5832,111,1,66128
18,5832,111,2,11735
18,5832,111,3,121125
18,5832,111,4,464997
18,5832,111,5,447341
18,5832,111,6,101599
18,5832,111,7,43321
18,5832,111,8,95778
18,5832,111,9,66031
18,5832,111,10,392350
18,5832,111,11,36210
18,5832,111,12,124733
18,5832,111,13,93759
18,5832,111,14,3475
18,5832,111,15,261826
18,5832,111,16,52957
18,5832,111,17,312208
18,5832,111,18,131004
18,5832,111,19,137486
18,5832,111,20,124336
18,5832,111,21,43272
18,5832,111,22,307375
18,5832,111,23,77848
18,5832,111,24,62156
18,5832,111,25,118136
18,5832,111,26,203717
18,5832,111,27,215323
18,5832,111,28,49729
18,5832,111,29,20132
18,5832,111,30,46969
18,5832,111,31,73956
18,5832,111,32,168054
18,5832,111,33,33661
18,5832,111,34,302965
18,5832,111,35,66822
18,5832,111,36,31589
18,5832,111,37,286498
18,5832,111,38,20720
18,5832,111,39,343998
18,5832,111,40,50147
18,5832,111,41,276047
18,5832,111,42,187597
18,5832,111,43,14372
18,5832,111,44,70386
18,5832,111,45,233211
18,5832,111,46,261831
18,5832,111,47,211889
18,5832,111,48,285475
18,5832,111,49,75142
18,5832,112,0,23759
18,5832,112,1,32929
18,5832,112,2,87619
18,5832,112,3,81387
18,5832,112,4,34412
18,5832,112,5,111648
18,5832,112,6,180266
18,5832,112,7,19379
18,5832,112,8,13750
18,5832,112,9,121729
18,5832,112,10,31640
18,5832,112,11,13483
18,5832,112,12,10525
18,5832,112,13,186656
18,5832,112,14,14997
18,5832,112,15,154076
18,5832,112,16,46997
18,5832,112,17,160431
18,5832,112,18,136580
18,5832,112,19,16968
18,5832,112,20,171794
18,5832,112,21,69911
18,5832,112,22,107682
18,5832,112,23,32108
18,5832,112,24,270266
18,5832,112,25,43714
18,5832,112,26,201709
18,5832,112,27,550813
18,5832,112,28,23211
18,5832,112,29,40308
18,5832,112,30,13577
18,5832,112,31,72365
18,5832,112,32,53048
18,5832,112,33,40420
18,5832,112,34,193631
18,5832,112,35,93284
18,5832,112,36,48309
18,5832,112,37,85783
18,5832,112,38,22035
18,5832,112,39,42854
18,5832,112,40,62738
18,5832,112,41,23235
18,5832,112,42,25680
18,5832,112,43,101252
18,5832,112,44,84136
18,5832,112,45,223882
18,5832,112,46,157352
18,5832,112,47,100463
18,5832,112,48,138356
18,5832,112,49,7872
18,5832,113,0,127533
18,5832,113,1,117811
18,5832,113,2,229541
18,5832,113,3,222404
18,5832,113,4,71950
18,5832,113,5,184040
18,5832,113,6,33588
18,5832,113,7,356310
18,5832,113,8,26085
18,5832,113,9,18271
18,5832,113,10,5708
18,5832,113,11,134564
18,5832,113,12,15666
18,5832,113,13,109667
18,5832,113,14,111551
18,5832,113,15,238988
18,5832,113,16,26320
18,5832,113,17,58202
18,5832,113,18,5036
18,5832,113,19,48224
18,5832,113,20,59577
18,5832,113,21,162540
18,5832,113,22,4117
18,5832,113,23,328146
18,5832,113,24,90485
18,5832,113,25,58965
18,5832,113,26,85939
18,5832,113,27,76994
18,5832,113,28,308293
18,5832,113,29,53872
18,5832,113,30,161802
18,5832,113,31,48825
18,5832,113,32,75723
18,5832,113,33,104523
18,5832,113,34,6776
18,5832,113,35,94787
18,5832,113,36,35680
18,5832,113,37,178163
18,5832,113,38,21380
18,5832,113,39,53339
18,5832,113,40,61361
18,5832,113,41,106254
18,5832,113,42,19636
18,5832,113,43,118183
18,5832,113,44,65124
18,5832,113,45,8327
18,5832,113,46,7680
18,5832,113,47,351749
18,5832,113,48,23727
18,5832,113,49,150983
